INFO     14/08 02:02:50   antiSMASH version: 8.0.4
INFO     14/08 02:02:50   diamond using executable: /usr/bin/diamond-aligner (2.1.3)
INFO     14/08 02:02:50   hmmpfam2 using executable: /usr/bin/hmm2pfam (2.3.2)
INFO     14/08 02:02:50   fasttree using executable: /usr/bin/fasttree
INFO     14/08 02:02:50   hmmsearch using executable: /usr/bin/hmmsearch (3.3.2)
INFO     14/08 02:02:50   hmmpress using executable: /usr/bin/hmmpress (3.3.2)
INFO     14/08 02:02:50   hmmscan using executable: /usr/bin/hmmscan (3.3.2)
INFO     14/08 02:02:50   prodigal using executable: /usr/bin/prodigal (V2.6.3)
INFO     14/08 02:02:50   blastp using executable: /usr/bin/blastp (2.12.0+)
INFO     14/08 02:02:50   makeblastdb using executable: /usr/bin/makeblastdb (2.12.0+)
DEBUG    14/08 02:02:50   Checking prerequisites for antismash.detection.hmm_detection
DEBUG    14/08 02:02:50   Found file '/usr/local/lib/python3.11/dist-packages/antismash/detection/hmm_detection/data/bgc_seeds.hmm'
DEBUG    14/08 02:02:50   Found file '/usr/local/lib/python3.11/dist-packages/antismash/detection/hmm_detection/data/bgc_seeds.hmm'
DEBUG    14/08 02:02:50   Found file '/usr/local/lib/python3.11/dist-packages/antismash/detection/hmm_detection/data/bgc_seeds.hmm.h3f'
DEBUG    14/08 02:02:50   Found file '/usr/local/lib/python3.11/dist-packages/antismash/detection/hmm_detection/data/bgc_seeds.hmm.h3i'
DEBUG    14/08 02:02:50   Found file '/usr/local/lib/python3.11/dist-packages/antismash/detection/hmm_detection/data/bgc_seeds.hmm.h3m'
DEBUG    14/08 02:02:50   Found file '/usr/local/lib/python3.11/dist-packages/antismash/detection/hmm_detection/data/bgc_seeds.hmm.h3p'
DEBUG    14/08 02:02:50   Checking prerequisites for antismash.detection.cluster_hmmer
DEBUG    14/08 02:02:50   Found file '/databases/pfam/35.0/Pfam-A.hmm'
DEBUG    14/08 02:02:50   Found file '/databases/pfam/35.0/Pfam-A.hmm.h3f'
DEBUG    14/08 02:02:50   Found file '/databases/pfam/35.0/Pfam-A.hmm.h3i'
DEBUG    14/08 02:02:50   Found file '/databases/pfam/35.0/Pfam-A.hmm.h3m'
DEBUG    14/08 02:02:50   Found file '/databases/pfam/35.0/Pfam-A.hmm.h3p'
DEBUG    14/08 02:02:50   Checking prerequisites for antismash.detection.genefunctions
DEBUG    14/08 02:02:50   Found file '/databases/resfam/Resfams.hmm'
DEBUG    14/08 02:02:50   Found file '/usr/local/lib/python3.11/dist-packages/antismash/detection/genefunctions/tools/data/extras.hmm.h3f'
DEBUG    14/08 02:02:50   Found file '/usr/local/lib/python3.11/dist-packages/antismash/detection/genefunctions/tools/data/extras.hmm.h3i'
DEBUG    14/08 02:02:50   Found file '/usr/local/lib/python3.11/dist-packages/antismash/detection/genefunctions/tools/data/extras.hmm.h3m'
DEBUG    14/08 02:02:50   Found file '/usr/local/lib/python3.11/dist-packages/antismash/detection/genefunctions/tools/data/extras.hmm.h3p'
DEBUG    14/08 02:02:50   Found file '/usr/local/lib/python3.11/dist-packages/antismash/detection/genefunctions/tools/halogenases/data/FDH.hmm'
DEBUG    14/08 02:02:50   Found file '/usr/local/lib/python3.11/dist-packages/antismash/detection/genefunctions/tools/halogenases/data/FDH.hmm.h3f'
DEBUG    14/08 02:02:50   Found file '/usr/local/lib/python3.11/dist-packages/antismash/detection/genefunctions/tools/halogenases/data/FDH.hmm.h3i'
DEBUG    14/08 02:02:50   Found file '/usr/local/lib/python3.11/dist-packages/antismash/detection/genefunctions/tools/halogenases/data/FDH.hmm.h3m'
DEBUG    14/08 02:02:50   Found file '/usr/local/lib/python3.11/dist-packages/antismash/detection/genefunctions/tools/halogenases/data/FDH.hmm.h3p'
DEBUG    14/08 02:02:50   Found file '/databases/mite/1.3/metadata.json'
DEBUG    14/08 02:02:50   Found file '/databases/mite/1.3/mite.fasta'
DEBUG    14/08 02:02:50   Found file '/databases/mite/1.3/mite.db.dmnd'
DEBUG    14/08 02:02:50   Found file '/databases/mite/1.3/mite.db.dmnd'
DEBUG    14/08 02:02:50   Found file '/usr/local/lib/python3.11/dist-packages/antismash/detection/genefunctions/tools/data/smcogs.hmm.h3f'
DEBUG    14/08 02:02:50   Found file '/usr/local/lib/python3.11/dist-packages/antismash/detection/genefunctions/tools/data/smcogs.hmm.h3i'
DEBUG    14/08 02:02:50   Found file '/usr/local/lib/python3.11/dist-packages/antismash/detection/genefunctions/tools/data/smcogs.hmm.h3m'
DEBUG    14/08 02:02:50   Found file '/usr/local/lib/python3.11/dist-packages/antismash/detection/genefunctions/tools/data/smcogs.hmm.h3p'
DEBUG    14/08 02:02:50   Found file '/databases/resfam/Resfams.hmm.h3f'
DEBUG    14/08 02:02:50   Found file '/databases/resfam/Resfams.hmm.h3i'
DEBUG    14/08 02:02:50   Found file '/databases/resfam/Resfams.hmm.h3m'
DEBUG    14/08 02:02:50   Found file '/databases/resfam/Resfams.hmm.h3p'
DEBUG    14/08 02:02:50   Checking prerequisites for antismash.detection.nrps_pks_domains
DEBUG    14/08 02:02:50   Found file '/usr/local/lib/python3.11/dist-packages/antismash/detection/nrps_pks_domains/data/abmotifs.hmm.h3f'
DEBUG    14/08 02:02:50   Found file '/usr/local/lib/python3.11/dist-packages/antismash/detection/nrps_pks_domains/data/abmotifs.hmm.h3i'
DEBUG    14/08 02:02:50   Found file '/usr/local/lib/python3.11/dist-packages/antismash/detection/nrps_pks_domains/data/abmotifs.hmm.h3m'
DEBUG    14/08 02:02:50   Found file '/usr/local/lib/python3.11/dist-packages/antismash/detection/nrps_pks_domains/data/abmotifs.hmm.h3p'
DEBUG    14/08 02:02:50   Found file '/usr/local/lib/python3.11/dist-packages/antismash/detection/nrps_pks_domains/data/dockingdomains.hmm.h3f'
DEBUG    14/08 02:02:50   Found file '/usr/local/lib/python3.11/dist-packages/antismash/detection/nrps_pks_domains/data/dockingdomains.hmm.h3i'
DEBUG    14/08 02:02:50   Found file '/usr/local/lib/python3.11/dist-packages/antismash/detection/nrps_pks_domains/data/dockingdomains.hmm.h3m'
DEBUG    14/08 02:02:50   Found file '/usr/local/lib/python3.11/dist-packages/antismash/detection/nrps_pks_domains/data/dockingdomains.hmm.h3p'
DEBUG    14/08 02:02:50   Found file '/usr/local/lib/python3.11/dist-packages/antismash/detection/nrps_pks_domains/data/ksdomains.hmm.h3f'
DEBUG    14/08 02:02:50   Found file '/usr/local/lib/python3.11/dist-packages/antismash/detection/nrps_pks_domains/data/ksdomains.hmm.h3i'
DEBUG    14/08 02:02:50   Found file '/usr/local/lib/python3.11/dist-packages/antismash/detection/nrps_pks_domains/data/ksdomains.hmm.h3m'
DEBUG    14/08 02:02:50   Found file '/usr/local/lib/python3.11/dist-packages/antismash/detection/nrps_pks_domains/data/ksdomains.hmm.h3p'
DEBUG    14/08 02:02:50   Found file '/usr/local/lib/python3.11/dist-packages/antismash/detection/nrps_pks_domains/data/nrpspksdomains.hmm.h3f'
DEBUG    14/08 02:02:50   Found file '/usr/local/lib/python3.11/dist-packages/antismash/detection/nrps_pks_domains/data/nrpspksdomains.hmm.h3i'
DEBUG    14/08 02:02:50   Found file '/usr/local/lib/python3.11/dist-packages/antismash/detection/nrps_pks_domains/data/nrpspksdomains.hmm.h3m'
DEBUG    14/08 02:02:50   Found file '/usr/local/lib/python3.11/dist-packages/antismash/detection/nrps_pks_domains/data/nrpspksdomains.hmm.h3p'
DEBUG    14/08 02:02:50   Found file '/databases/nrps_pks/transATor/2023.02.23/transATor.hmm.h3f'
DEBUG    14/08 02:02:50   Found file '/databases/nrps_pks/transATor/2023.02.23/transATor.hmm.h3i'
DEBUG    14/08 02:02:50   Found file '/databases/nrps_pks/transATor/2023.02.23/transATor.hmm.h3m'
DEBUG    14/08 02:02:50   Found file '/databases/nrps_pks/transATor/2023.02.23/transATor.hmm.h3p'
DEBUG    14/08 02:02:50   Checking prerequisites for antismash.detection.tigrfam
DEBUG    14/08 02:02:50   Found file '/databases/tigrfam/TIGRFam.hmm'
DEBUG    14/08 02:02:50   Found file '/databases/tigrfam/TIGRFam.hmm.h3f'
DEBUG    14/08 02:02:50   Found file '/databases/tigrfam/TIGRFam.hmm.h3i'
DEBUG    14/08 02:02:50   Found file '/databases/tigrfam/TIGRFam.hmm.h3m'
DEBUG    14/08 02:02:50   Found file '/databases/tigrfam/TIGRFam.hmm.h3p'
DEBUG    14/08 02:02:50   Checking prerequisites for antismash.modules.active_site_finder
DEBUG    14/08 02:02:50   Found file '/usr/local/lib/python3.11/dist-packages/antismash/modules/active_site_finder/data/PKSI-KR.hmm2'
DEBUG    14/08 02:02:50   Found file '/usr/local/lib/python3.11/dist-packages/antismash/modules/active_site_finder/data/PKSI-KS_N.hmm2'
DEBUG    14/08 02:02:50   Found file '/usr/local/lib/python3.11/dist-packages/antismash/modules/active_site_finder/data/PKSI-KS_C.hmm2'
DEBUG    14/08 02:02:50   Found file '/usr/local/lib/python3.11/dist-packages/antismash/modules/active_site_finder/data/PKSI-AT.hmm2'
DEBUG    14/08 02:02:50   Found file '/usr/local/lib/python3.11/dist-packages/antismash/modules/active_site_finder/data/PKSI-ACP.hmm2'
DEBUG    14/08 02:02:50   Found file '/usr/local/lib/python3.11/dist-packages/antismash/modules/active_site_finder/data/PKSI-DH.hmm2'
DEBUG    14/08 02:02:50   Found file '/usr/local/lib/python3.11/dist-packages/antismash/modules/active_site_finder/data/Thioesterase.hmm2'
DEBUG    14/08 02:02:50   Found file '/usr/local/lib/python3.11/dist-packages/antismash/modules/active_site_finder/data/PKSI-ER.hmm2'
DEBUG    14/08 02:02:50   Found file '/usr/local/lib/python3.11/dist-packages/antismash/modules/active_site_finder/data/p450.hmm2'
DEBUG    14/08 02:02:50   Checking prerequisites for antismash.modules.cluster_compare
DEBUG    14/08 02:02:50   Found file '/databases/clustercompare/mibig/4.0/data.json'
DEBUG    14/08 02:02:50   Found file '/databases/clustercompare/mibig/4.0/proteins.fasta'
DEBUG    14/08 02:02:50   Found file '/databases/clustercompare/mibig/4.0/proteins.dmnd'
DEBUG    14/08 02:02:50   Found file '/databases/clustercompare/mibig/4.0/proteins.dmnd'
DEBUG    14/08 02:02:50   Checking prerequisites for antismash.modules.clusterblast
DEBUG    14/08 02:02:50   Found file '/databases/knownclusterblast/4.0/clusters.txt'
DEBUG    14/08 02:02:50   Found file '/databases/knownclusterblast/4.0/proteins.fasta'
DEBUG    14/08 02:02:50   Found file '/databases/knownclusterblast/4.0/proteins.dmnd'
DEBUG    14/08 02:02:50   Found file '/databases/knownclusterblast/4.0/proteins.dmnd'
DEBUG    14/08 02:02:50   Found file '/databases/clusterblast/clusters.txt'
DEBUG    14/08 02:02:50   Found file '/databases/clusterblast/proteins.fasta'
DEBUG    14/08 02:02:50   Found file '/databases/clusterblast/proteins.dmnd'
DEBUG    14/08 02:02:50   Found file '/databases/clusterblast/proteins.dmnd'
DEBUG    14/08 02:02:50   Found file '/usr/local/lib/python3.11/dist-packages/antismash/modules/clusterblast/data/sub/proteins.fasta'
DEBUG    14/08 02:02:50   Found file '/usr/local/lib/python3.11/dist-packages/antismash/modules/clusterblast/data/sub/proteins.fasta.phr'
DEBUG    14/08 02:02:50   Found file '/usr/local/lib/python3.11/dist-packages/antismash/modules/clusterblast/data/sub/proteins.fasta.pin'
DEBUG    14/08 02:02:50   Found file '/usr/local/lib/python3.11/dist-packages/antismash/modules/clusterblast/data/sub/proteins.fasta.psq'
DEBUG    14/08 02:02:50   Found file '/usr/local/lib/python3.11/dist-packages/antismash/modules/clusterblast/data/sub/clusters.txt'
DEBUG    14/08 02:02:50   Checking prerequisites for antismash.modules.lanthipeptides
DEBUG    14/08 02:02:50   Found file '/databases/comparippson/asdb/4.0/cores.fa.pdb'
DEBUG    14/08 02:02:50   Found file '/databases/comparippson/asdb/4.0/cores.fa.phr'
DEBUG    14/08 02:02:50   Found file '/databases/comparippson/asdb/4.0/cores.fa.pin'
DEBUG    14/08 02:02:50   Found file '/databases/comparippson/asdb/4.0/cores.fa.pot'
DEBUG    14/08 02:02:50   Found file '/databases/comparippson/asdb/4.0/cores.fa.psq'
DEBUG    14/08 02:02:50   Found file '/databases/comparippson/asdb/4.0/cores.fa.ptf'
DEBUG    14/08 02:02:50   Found file '/databases/comparippson/asdb/4.0/cores.fa.pto'
DEBUG    14/08 02:02:50   Found file '/databases/comparippson/mibig/4.0/cores.fa.pdb'
DEBUG    14/08 02:02:50   Found file '/databases/comparippson/mibig/4.0/cores.fa.phr'
DEBUG    14/08 02:02:50   Found file '/databases/comparippson/mibig/4.0/cores.fa.pin'
DEBUG    14/08 02:02:50   Found file '/databases/comparippson/mibig/4.0/cores.fa.pot'
DEBUG    14/08 02:02:50   Found file '/databases/comparippson/mibig/4.0/cores.fa.psq'
DEBUG    14/08 02:02:50   Found file '/databases/comparippson/mibig/4.0/cores.fa.ptf'
DEBUG    14/08 02:02:50   Found file '/databases/comparippson/mibig/4.0/cores.fa.pto'
DEBUG    14/08 02:02:50   Checking prerequisites for antismash.modules.lassopeptides
DEBUG    14/08 02:02:50   Checking prerequisites for antismash.modules.nrps_pks
DEBUG    14/08 02:02:50   Found existing cache for /usr/local/lib/python3.11/dist-packages/antismash/modules/nrps_pks/data/terminals/cterm.fasta
DEBUG    14/08 02:02:50   Found existing cache for /usr/local/lib/python3.11/dist-packages/antismash/modules/nrps_pks/data/terminals/nterm.fasta
DEBUG    14/08 02:02:50   Found existing cache for /usr/local/lib/python3.11/dist-packages/antismash/modules/nrps_pks/at_analysis/data/AT_domains_muscle.fasta
DEBUG    14/08 02:02:50   Found existing cache for /usr/local/lib/python3.11/dist-packages/antismash/modules/nrps_pks/c_analysis/data/Rausch_C_203.fa
DEBUG    14/08 02:02:50   Found existing cache for /usr/local/lib/python3.11/dist-packages/antismash/modules/nrps_pks/kr_analysis/data/KRdomains_muscle.fasta
DEBUG    14/08 02:02:50   Found existing cache for /usr/local/lib/python3.11/dist-packages/antismash/modules/nrps_pks/minowa/data/AT_domains_muscle.fasta
DEBUG    14/08 02:02:50   Found existing cache for /usr/local/lib/python3.11/dist-packages/antismash/modules/nrps_pks/minowa/data/CAL_domains_muscle.fasta
DEBUG    14/08 02:02:50   Checking prerequisites for antismash.modules.pfam2go
DEBUG    14/08 02:02:50   Found file '/usr/local/lib/python3.11/dist-packages/antismash/modules/pfam2go/data/pfam2go.txt'
DEBUG    14/08 02:02:50   Checking prerequisites for antismash.modules.rrefinder
DEBUG    14/08 02:02:50   Found file '/usr/local/lib/python3.11/dist-packages/antismash/modules/rrefinder/data/RREFam.hmm.h3f'
DEBUG    14/08 02:02:50   Found file '/usr/local/lib/python3.11/dist-packages/antismash/modules/rrefinder/data/RREFam.hmm.h3i'
DEBUG    14/08 02:02:50   Found file '/usr/local/lib/python3.11/dist-packages/antismash/modules/rrefinder/data/RREFam.hmm.h3m'
DEBUG    14/08 02:02:50   Found file '/usr/local/lib/python3.11/dist-packages/antismash/modules/rrefinder/data/RREFam.hmm.h3p'
DEBUG    14/08 02:02:50   Checking prerequisites for antismash.modules.sactipeptides
DEBUG    14/08 02:02:50   Checking prerequisites for antismash.modules.t2pks
DEBUG    14/08 02:02:50   Found file '/usr/local/lib/python3.11/dist-packages/antismash/modules/t2pks/data/KSIII.fasta'
DEBUG    14/08 02:02:50   Found file '/usr/local/lib/python3.11/dist-packages/antismash/modules/t2pks/data/KSIII.phr'
DEBUG    14/08 02:02:50   Found file '/usr/local/lib/python3.11/dist-packages/antismash/modules/t2pks/data/KSIII.pin'
DEBUG    14/08 02:02:50   Found file '/usr/local/lib/python3.11/dist-packages/antismash/modules/t2pks/data/KSIII.psq'
DEBUG    14/08 02:02:50   Found file '/usr/local/lib/python3.11/dist-packages/antismash/modules/t2pks/data/AT.fasta'
DEBUG    14/08 02:02:50   Found file '/usr/local/lib/python3.11/dist-packages/antismash/modules/t2pks/data/AT.phr'
DEBUG    14/08 02:02:50   Found file '/usr/local/lib/python3.11/dist-packages/antismash/modules/t2pks/data/AT.pin'
DEBUG    14/08 02:02:50   Found file '/usr/local/lib/python3.11/dist-packages/antismash/modules/t2pks/data/AT.psq'
DEBUG    14/08 02:02:50   Found file '/usr/local/lib/python3.11/dist-packages/antismash/modules/t2pks/data/LIG.fasta'
DEBUG    14/08 02:02:50   Found file '/usr/local/lib/python3.11/dist-packages/antismash/modules/t2pks/data/LIG.phr'
DEBUG    14/08 02:02:50   Found file '/usr/local/lib/python3.11/dist-packages/antismash/modules/t2pks/data/LIG.pin'
DEBUG    14/08 02:02:50   Found file '/usr/local/lib/python3.11/dist-packages/antismash/modules/t2pks/data/LIG.psq'
DEBUG    14/08 02:02:50   Found file '/usr/local/lib/python3.11/dist-packages/antismash/modules/t2pks/data/t2pks.hmm.h3f'
DEBUG    14/08 02:02:50   Found file '/usr/local/lib/python3.11/dist-packages/antismash/modules/t2pks/data/t2pks.hmm.h3i'
DEBUG    14/08 02:02:50   Found file '/usr/local/lib/python3.11/dist-packages/antismash/modules/t2pks/data/t2pks.hmm.h3m'
DEBUG    14/08 02:02:50   Found file '/usr/local/lib/python3.11/dist-packages/antismash/modules/t2pks/data/t2pks.hmm.h3p'
DEBUG    14/08 02:02:50   Checking prerequisites for antismash.modules.terpene
DEBUG    14/08 02:02:50   Found file '/usr/local/lib/python3.11/dist-packages/antismash/modules/terpene/data/all_profiles.hmm'
DEBUG    14/08 02:02:50   Found file '/usr/local/lib/python3.11/dist-packages/antismash/modules/terpene/data/all_profiles.hmm.h3f'
DEBUG    14/08 02:02:50   Found file '/usr/local/lib/python3.11/dist-packages/antismash/modules/terpene/data/all_profiles.hmm.h3i'
DEBUG    14/08 02:02:50   Found file '/usr/local/lib/python3.11/dist-packages/antismash/modules/terpene/data/all_profiles.hmm.h3m'
DEBUG    14/08 02:02:50   Found file '/usr/local/lib/python3.11/dist-packages/antismash/modules/terpene/data/all_profiles.hmm.h3p'
DEBUG    14/08 02:02:50   Checking prerequisites for antismash.modules.thiopeptides
DEBUG    14/08 02:02:50   Found file '/usr/local/lib/python3.11/dist-packages/antismash/modules/thiopeptides/data/thiopep3.hmm.h3f'
DEBUG    14/08 02:02:50   Found file '/usr/local/lib/python3.11/dist-packages/antismash/modules/thiopeptides/data/thiopep3.hmm.h3i'
DEBUG    14/08 02:02:50   Found file '/usr/local/lib/python3.11/dist-packages/antismash/modules/thiopeptides/data/thiopep3.hmm.h3m'
DEBUG    14/08 02:02:50   Found file '/usr/local/lib/python3.11/dist-packages/antismash/modules/thiopeptides/data/thiopep3.hmm.h3p'
DEBUG    14/08 02:02:50   Checking prerequisites for antismash.modules.tta
DEBUG    14/08 02:02:50   Checking prerequisites for antismash.outputs.html
DEBUG    14/08 02:02:50   Found file '/usr/local/lib/python3.11/dist-packages/antismash/outputs/html/css/bacteria.css'
DEBUG    14/08 02:02:50   Found file '/usr/local/lib/python3.11/dist-packages/antismash/outputs/html/css/fungi.css'
DEBUG    14/08 02:02:50   Found file '/usr/local/lib/python3.11/dist-packages/antismash/outputs/html/css/plants.css'
DEBUG    14/08 02:02:50   Checking options for antismash.detection.hmm_detection
DEBUG    14/08 02:02:50   Checking options for antismash.detection.cluster_hmmer
DEBUG    14/08 02:02:50   Found file '/databases/pfam/35.0/Pfam-A.hmm'
DEBUG    14/08 02:02:50   Found file '/databases/pfam/35.0/Pfam-A.hmm.h3f'
DEBUG    14/08 02:02:50   Found file '/databases/pfam/35.0/Pfam-A.hmm.h3i'
DEBUG    14/08 02:02:50   Found file '/databases/pfam/35.0/Pfam-A.hmm.h3m'
DEBUG    14/08 02:02:50   Found file '/databases/pfam/35.0/Pfam-A.hmm.h3p'
DEBUG    14/08 02:02:50   Checking options for antismash.detection.genefunctions
DEBUG    14/08 02:02:50   Checking options for antismash.detection.nrps_pks_domains
DEBUG    14/08 02:02:50   Checking options for antismash.detection.tigrfam
DEBUG    14/08 02:02:50   Checking options for antismash.modules.active_site_finder
DEBUG    14/08 02:02:50   Checking options for antismash.modules.cluster_compare
DEBUG    14/08 02:02:50   Checking options for antismash.modules.clusterblast
DEBUG    14/08 02:02:50   Checking options for antismash.modules.lanthipeptides
DEBUG    14/08 02:02:50   Checking options for antismash.modules.lassopeptides
DEBUG    14/08 02:02:50   Checking options for antismash.modules.nrps_pks
DEBUG    14/08 02:02:50   Checking options for antismash.modules.pfam2go
DEBUG    14/08 02:02:50   Checking options for antismash.modules.rrefinder
DEBUG    14/08 02:02:50   Checking options for antismash.modules.sactipeptides
DEBUG    14/08 02:02:50   Checking options for antismash.modules.t2pks
DEBUG    14/08 02:02:50   Checking options for antismash.modules.terpene
DEBUG    14/08 02:02:50   Checking options for antismash.modules.thiopeptides
DEBUG    14/08 02:02:50   Checking options for antismash.modules.tta
DEBUG    14/08 02:02:50   Checking options for antismash.outputs.html
INFO     14/08 02:02:50   Parsing input sequence '/input/Funannotate-annotated-genome-AF.gbk'
DEBUG    14/08 02:02:54   Stripping antiSMASH features and annotations from record: 1
DEBUG    14/08 02:02:54   Stripping antiSMASH features and annotations from record: 24
DEBUG    14/08 02:02:54   Stripping antiSMASH features and annotations from record: 25
DEBUG    14/08 02:02:54   Stripping antiSMASH features and annotations from record: 26
DEBUG    14/08 02:02:54   Stripping antiSMASH features and annotations from record: 256
DEBUG    14/08 02:02:54   Stripping antiSMASH features and annotations from record: 258
DEBUG    14/08 02:02:54   Stripping antiSMASH features and annotations from record: 259
DEBUG    14/08 02:02:54   Stripping antiSMASH features and annotations from record: 418
DEBUG    14/08 02:02:54   Stripping antiSMASH features and annotations from record: 419
DEBUG    14/08 02:02:54   Stripping antiSMASH features and annotations from record: 420
DEBUG    14/08 02:02:54   Stripping antiSMASH features and annotations from record: 421
DEBUG    14/08 02:02:54   Stripping antiSMASH features and annotations from record: 431
DEBUG    14/08 02:02:54   Stripping antiSMASH features and annotations from record: 432
DEBUG    14/08 02:02:54   Stripping antiSMASH features and annotations from record: 433
DEBUG    14/08 02:02:54   Stripping antiSMASH features and annotations from record: 434
DEBUG    14/08 02:02:54   Stripping antiSMASH features and annotations from record: 435
DEBUG    14/08 02:02:54   Stripping antiSMASH features and annotations from record: 436
DEBUG    14/08 02:02:54   Stripping antiSMASH features and annotations from record: 471
DEBUG    14/08 02:02:54   Stripping antiSMASH features and annotations from record: 480
DEBUG    14/08 02:02:54   Stripping antiSMASH features and annotations from record: 482
DEBUG    14/08 02:02:54   Stripping antiSMASH features and annotations from record: 485
DEBUG    14/08 02:02:54   Stripping antiSMASH features and annotations from record: 486
DEBUG    14/08 02:02:54   Stripping antiSMASH features and annotations from record: 497
DEBUG    14/08 02:02:54   Stripping antiSMASH features and annotations from record: 612
DEBUG    14/08 02:02:54   Stripping antiSMASH features and annotations from record: 614
DEBUG    14/08 02:02:54   Stripping antiSMASH features and annotations from record: 618
DEBUG    14/08 02:02:54   Stripping antiSMASH features and annotations from record: 641
DEBUG    14/08 02:02:54   Stripping antiSMASH features and annotations from record: 642
DEBUG    14/08 02:02:54   Stripping antiSMASH features and annotations from record: 702
DEBUG    14/08 02:02:54   Stripping antiSMASH features and annotations from record: 703
DEBUG    14/08 02:02:54   Stripping antiSMASH features and annotations from record: 704
DEBUG    14/08 02:02:54   Stripping antiSMASH features and annotations from record: 705
DEBUG    14/08 02:02:54   Stripping antiSMASH features and annotations from record: 815
DEBUG    14/08 02:02:54   Stripping antiSMASH features and annotations from record: 826
DEBUG    14/08 02:02:54   Stripping antiSMASH features and annotations from record: 827
DEBUG    14/08 02:02:54   Stripping antiSMASH features and annotations from record: 828
DEBUG    14/08 02:02:54   Stripping antiSMASH features and annotations from record: 829
DEBUG    14/08 02:02:54   Stripping antiSMASH features and annotations from record: 849
DEBUG    14/08 02:02:54   Stripping antiSMASH features and annotations from record: 850
DEBUG    14/08 02:02:54   Stripping antiSMASH features and annotations from record: 904
DEBUG    14/08 02:02:54   Stripping antiSMASH features and annotations from record: 905
DEBUG    14/08 02:02:54   Stripping antiSMASH features and annotations from record: 959
DEBUG    14/08 02:02:54   Stripping antiSMASH features and annotations from record: 960
DEBUG    14/08 02:02:54   Stripping antiSMASH features and annotations from record: 961
DEBUG    14/08 02:02:54   Stripping antiSMASH features and annotations from record: 962
DEBUG    14/08 02:02:54   Stripping antiSMASH features and annotations from record: 963
DEBUG    14/08 02:02:54   Stripping antiSMASH features and annotations from record: 964
DEBUG    14/08 02:02:54   Stripping antiSMASH features and annotations from record: 965
DEBUG    14/08 02:02:54   Stripping antiSMASH features and annotations from record: 966
DEBUG    14/08 02:02:54   Stripping antiSMASH features and annotations from record: 967
DEBUG    14/08 02:02:54   Stripping antiSMASH features and annotations from record: 968
DEBUG    14/08 02:02:54   Stripping antiSMASH features and annotations from record: 969
DEBUG    14/08 02:02:54   Stripping antiSMASH features and annotations from record: 970
DEBUG    14/08 02:02:54   Stripping antiSMASH features and annotations from record: 1334
DEBUG    14/08 02:02:54   Stripping antiSMASH features and annotations from record: 1335
DEBUG    14/08 02:02:54   Stripping antiSMASH features and annotations from record: 1339
DEBUG    14/08 02:02:54   Stripping antiSMASH features and annotations from record: 1340
DEBUG    14/08 02:02:54   Stripping antiSMASH features and annotations from record: 1341
DEBUG    14/08 02:02:54   Stripping antiSMASH features and annotations from record: 1370
DEBUG    14/08 02:02:54   Stripping antiSMASH features and annotations from record: 1371
DEBUG    14/08 02:02:54   Stripping antiSMASH features and annotations from record: 1372
DEBUG    14/08 02:02:54   Stripping antiSMASH features and annotations from record: 1373
DEBUG    14/08 02:02:54   Stripping antiSMASH features and annotations from record: 1374
DEBUG    14/08 02:02:54   Stripping antiSMASH features and annotations from record: 1375
DEBUG    14/08 02:02:54   Stripping antiSMASH features and annotations from record: 1845
DEBUG    14/08 02:02:54   Stripping antiSMASH features and annotations from record: 1878
DEBUG    14/08 02:02:54   Stripping antiSMASH features and annotations from record: 1881
DEBUG    14/08 02:02:54   Stripping antiSMASH features and annotations from record: 1882
DEBUG    14/08 02:02:54   Stripping antiSMASH features and annotations from record: 1883
DEBUG    14/08 02:02:54   Stripping antiSMASH features and annotations from record: 1914
DEBUG    14/08 02:02:54   Stripping antiSMASH features and annotations from record: 1915
DEBUG    14/08 02:02:54   Stripping antiSMASH features and annotations from record: 1924
DEBUG    14/08 02:02:54   Stripping antiSMASH features and annotations from record: 1925
DEBUG    14/08 02:02:54   Stripping antiSMASH features and annotations from record: 2001
DEBUG    14/08 02:02:54   Stripping antiSMASH features and annotations from record: 2483
DEBUG    14/08 02:02:54   Stripping antiSMASH features and annotations from record: 2488
DEBUG    14/08 02:02:54   Stripping antiSMASH features and annotations from record: 2492
DEBUG    14/08 02:02:54   Stripping antiSMASH features and annotations from record: 2495
DEBUG    14/08 02:02:54   Stripping antiSMASH features and annotations from record: 2496
DEBUG    14/08 02:02:54   Stripping antiSMASH features and annotations from record: 2497
DEBUG    14/08 02:02:54   Stripping antiSMASH features and annotations from record: 2498
DEBUG    14/08 02:02:54   Stripping antiSMASH features and annotations from record: 2893
DEBUG    14/08 02:02:54   Stripping antiSMASH features and annotations from record: 2894
DEBUG    14/08 02:02:54   Stripping antiSMASH features and annotations from record: 3065
DEBUG    14/08 02:02:54   Stripping antiSMASH features and annotations from record: 3066
DEBUG    14/08 02:02:54   Stripping antiSMASH features and annotations from record: 3072
DEBUG    14/08 02:02:54   Stripping antiSMASH features and annotations from record: 3075
DEBUG    14/08 02:02:54   Stripping antiSMASH features and annotations from record: 3077
DEBUG    14/08 02:02:54   Stripping antiSMASH features and annotations from record: 3092
DEBUG    14/08 02:02:54   Stripping antiSMASH features and annotations from record: 3093
DEBUG    14/08 02:02:54   Stripping antiSMASH features and annotations from record: 3094
DEBUG    14/08 02:02:54   Stripping antiSMASH features and annotations from record: 3099
DEBUG    14/08 02:02:54   Stripping antiSMASH features and annotations from record: 3100
DEBUG    14/08 02:02:54   Stripping antiSMASH features and annotations from record: 3101
DEBUG    14/08 02:02:54   Stripping antiSMASH features and annotations from record: 3102
DEBUG    14/08 02:02:54   Stripping antiSMASH features and annotations from record: 3106
DEBUG    14/08 02:02:54   Stripping antiSMASH features and annotations from record: 3119
DEBUG    14/08 02:02:54   Converting records from biopython to secmet
DEBUG    14/08 02:02:58   Removing existing region genbank files
DEBUG    14/08 02:02:58   Reusing output directory: /data/antismash/upload/fungi-d77518c9-b65b-4f80-9a36-0eb9a027dc84
DEBUG    14/08 02:02:58   Preprocessing 97 sequences
DEBUG    14/08 02:02:58   Sanitising record ids and sequences
DEBUG    14/08 02:03:04   Removing sequences smaller than 1000 bases
DEBUG    14/08 02:03:04   Ensuring records have CDS features with all required information
INFO     14/08 02:03:04   No genes found, skipping record '25'
INFO     14/08 02:03:04   No genes found, skipping record '26'
INFO     14/08 02:03:04   No genes found, skipping record '259'
INFO     14/08 02:03:04   No genes found, skipping record '419'
INFO     14/08 02:03:04   No genes found, skipping record '420'
INFO     14/08 02:03:04   No genes found, skipping record '421'
INFO     14/08 02:03:05   No genes found, skipping record '434'
INFO     14/08 02:03:05   No genes found, skipping record '435'
INFO     14/08 02:03:05   No genes found, skipping record '436'
INFO     14/08 02:03:05   No genes found, skipping record '642'
INFO     14/08 02:03:05   No genes found, skipping record '828'
INFO     14/08 02:03:05   No genes found, skipping record '829'
INFO     14/08 02:03:05   No genes found, skipping record '850'
INFO     14/08 02:03:05   No genes found, skipping record '905'
INFO     14/08 02:03:06   No genes found, skipping record '704'
INFO     14/08 02:03:06   No genes found, skipping record '705'
INFO     14/08 02:03:06   No genes found, skipping record '962'
INFO     14/08 02:03:06   No genes found, skipping record '963'
INFO     14/08 02:03:06   No genes found, skipping record '964'
INFO     14/08 02:03:06   No genes found, skipping record '965'
INFO     14/08 02:03:06   No genes found, skipping record '967'
INFO     14/08 02:03:06   No genes found, skipping record '968'
INFO     14/08 02:03:06   No genes found, skipping record '970'
INFO     14/08 02:03:06   No genes found, skipping record '1335'
INFO     14/08 02:03:06   No genes found, skipping record '1371'
INFO     14/08 02:03:06   No genes found, skipping record '1373'
INFO     14/08 02:03:08   No genes found, skipping record '1375'
INFO     14/08 02:03:08   No genes found, skipping record '1883'
INFO     14/08 02:03:08   No genes found, skipping record '1915'
INFO     14/08 02:03:08   No genes found, skipping record '1925'
INFO     14/08 02:03:08   No genes found, skipping record '2496'
INFO     14/08 02:03:08   No genes found, skipping record '2497'
INFO     14/08 02:03:08   No genes found, skipping record '2498'
INFO     14/08 02:03:08   No genes found, skipping record '2894'
INFO     14/08 02:03:08   No genes found, skipping record '3066'
INFO     14/08 02:03:08   No genes found, skipping record '3099'
INFO     14/08 02:03:08   Analysing record: 1
INFO     14/08 02:03:08   Detecting secondary metabolite clusters
DEBUG    14/08 02:03:08   Checking if antismash.detection.hmm_detection should be run
INFO     14/08 02:03:08   Running antismash.detection.hmm_detection
INFO     14/08 02:03:08   HMM detection using strictness: relaxed
DEBUG    14/08 02:03:13   0 rule-based cluster(s) found in record
DEBUG    14/08 02:03:13   0 protoclusters found
DEBUG    14/08 02:03:13   0 subregions found
INFO     14/08 02:03:13   No regions detected, skipping record
INFO     14/08 02:03:13   Analysing record: 24
INFO     14/08 02:03:13   Detecting secondary metabolite clusters
DEBUG    14/08 02:03:13   Checking if antismash.detection.hmm_detection should be run
INFO     14/08 02:03:13   Running antismash.detection.hmm_detection
INFO     14/08 02:03:13   HMM detection using strictness: relaxed
DEBUG    14/08 02:03:22   8 rule-based cluster(s) found in record
DEBUG    14/08 02:03:22   8 protoclusters found
DEBUG    14/08 02:03:22   0 subregions found
INFO     14/08 02:03:22   6 region(s) detected in record
DEBUG    14/08 02:03:22   Checking if antismash.detection.cluster_hmmer should be run
INFO     14/08 02:03:22   Running antismash.detection.cluster_hmmer
INFO     14/08 02:03:22   Running cluster PFAM search
DEBUG    14/08 02:04:02   Building name mapping for HMMer database Pfam-A.hmm
DEBUG    14/08 02:04:07   Building cutoff mapping for HMMer database /databases/pfam/35.0/Pfam-A.hmm
DEBUG    14/08 02:04:11   Adding detection results from antismash.detection.cluster_hmmer to record
DEBUG    14/08 02:04:11   Checking if antismash.detection.genefunctions should be run
INFO     14/08 02:04:11   Running antismash.detection.genefunctions
DEBUG    14/08 02:04:15   Adding detection results from antismash.detection.genefunctions to record
DEBUG    14/08 02:04:15   annotating CDS features with extras info: 0 CDSes
DEBUG    14/08 02:04:15   annotating CDS features with halogenases info: 0 CDSes
DEBUG    14/08 02:04:15   annotating CDS features with MITE info: 0 CDSes
DEBUG    14/08 02:04:15   annotating CDS features with resist info: 0 CDSes
DEBUG    14/08 02:04:15   annotating CDS features with smcogs info: 38 CDSes
DEBUG    14/08 02:04:15   Checking if antismash.detection.nrps_pks_domains should be run
INFO     14/08 02:04:15   Running antismash.detection.nrps_pks_domains
DEBUG    14/08 02:04:15   Marking NRPS/PKS CDS features and domains in clusters
DEBUG    14/08 02:04:16   Adding detection results from antismash.detection.nrps_pks_domains to record
DEBUG    14/08 02:04:16   Checking if antismash.detection.tigrfam should be run
INFO     14/08 02:04:16   Running antismash.detection.tigrfam
INFO     14/08 02:04:16   Running TIGRFam search
DEBUG    14/08 02:04:29   Building name mapping for HMMer database TIGRFam.hmm
DEBUG    14/08 02:04:30   Adding detection results from antismash.detection.tigrfam to record
DEBUG    14/08 02:04:30   Checking if antismash.modules.active_site_finder should be run
INFO     14/08 02:04:30   Running antismash.modules.active_site_finder
DEBUG    14/08 02:04:31   Checking if antismash.modules.cluster_compare should be run
INFO     14/08 02:04:31   Running antismash.modules.cluster_compare
DEBUG    14/08 02:04:31   Loading comparison database: MIBiG
DEBUG    14/08 02:04:31   Comparison database loaded
INFO     14/08 02:04:31   Comparing regions to reference database
DEBUG    14/08 02:04:34   Checking if antismash.modules.clusterblast should be run
INFO     14/08 02:04:34   Running antismash.modules.clusterblast
INFO     14/08 02:04:34   Running ClusterBlast
INFO     14/08 02:04:34   ClusterBlast: Loading gene cluster database into memory...
INFO     14/08 02:04:38   ClusterBlast: Loading gene cluster database proteins into memory...
INFO     14/08 02:05:07   Comparing regions to reference database
INFO     14/08 02:05:38   Running subcluster search
INFO     14/08 02:05:38   SubClusterBlast: Loading gene cluster database into memory...
INFO     14/08 02:05:38   SubClusterBlast: Loading gene cluster database proteins into memory...
INFO     14/08 02:05:42   Running known cluster search
INFO     14/08 02:05:42   KnownClusterBlast: Loading gene cluster database into memory...
INFO     14/08 02:05:42   KnownClusterBlast: Loading gene cluster database proteins into memory...
DEBUG    14/08 02:05:42   Running DIAMOND knowncluster searches..
INFO     14/08 02:05:42   Comparing regions to reference database
DEBUG    14/08 02:05:47   Checking if antismash.modules.lanthipeptides should be run
INFO     14/08 02:05:47   Running antismash.modules.lanthipeptides
DEBUG    14/08 02:05:47   Lanthipeptide module marked 0 motifs
DEBUG    14/08 02:05:47   Checking if antismash.modules.lassopeptides should be run
INFO     14/08 02:05:47   Running antismash.modules.lassopeptides
DEBUG    14/08 02:05:47   Lassopeptide module marked 0 motifs
DEBUG    14/08 02:05:47   Checking if antismash.modules.nrps_pks should be run
INFO     14/08 02:05:47   Running antismash.modules.nrps_pks
INFO     14/08 02:05:47   Predicting A domain substrate specificities with nrpys
INFO     14/08 02:05:47   Predicting NRPS C domain activity using active site motifs
INFO     14/08 02:05:47   Predicting PKS AT domain substrate specificities by Yadav et al. PKS signature sequences
INFO     14/08 02:05:48   Predicting PKS AT domain substrate specificities by Minowa et al. method
INFO     14/08 02:05:49   Predicting CAL domain substrate specificities by Minowa et al. method
INFO     14/08 02:05:49   Predicting PKS KR activity and stereochemistry using KR fingerprints from Starcevic et al.
DEBUG    14/08 02:05:49   CandidateCluster 3 monomer ordering method: colinear
DEBUG    14/08 02:05:49   CandidateCluster 4 monomer ordering method: domain docking analysis
DEBUG    14/08 02:05:49   CandidateCluster 5 monomer ordering method: domain docking analysis
DEBUG    14/08 02:05:49   CandidateCluster 6 monomer ordering method: colinear
DEBUG    14/08 02:05:49   CandidateCluster 7 monomer ordering method: colinear
DEBUG    14/08 02:05:49   CandidateCluster 8 monomer ordering method: colinear
DEBUG    14/08 02:05:49   CandidateCluster 9 monomer ordering method: colinear
DEBUG    14/08 02:05:49   CandidateCluster 10 monomer ordering method: colinear
DEBUG    14/08 02:05:49   Checking if antismash.modules.pfam2go should be run
INFO     14/08 02:05:49   Running antismash.modules.pfam2go
DEBUG    14/08 02:05:49   Checking if antismash.modules.rrefinder should be run
INFO     14/08 02:05:49   Running antismash.modules.rrefinder
DEBUG    14/08 02:05:49   Checking if antismash.modules.sactipeptides should be run
INFO     14/08 02:05:49   Running antismash.modules.sactipeptides
DEBUG    14/08 02:05:49   Found no sactipeptide motifs
DEBUG    14/08 02:05:49   Checking if antismash.modules.t2pks should be run
INFO     14/08 02:05:49   Running antismash.modules.t2pks
DEBUG    14/08 02:05:49   No type II PKS clusters to analyze
DEBUG    14/08 02:05:49   Checking if antismash.modules.terpene should be run
INFO     14/08 02:05:49   Running antismash.modules.terpene
DEBUG    14/08 02:05:49   No terpene clusters to analyse
DEBUG    14/08 02:05:49   Checking if antismash.modules.thiopeptides should be run
INFO     14/08 02:05:49   Running antismash.modules.thiopeptides
DEBUG    14/08 02:05:49   Thiopeptides marked 0 motifs
DEBUG    14/08 02:05:50   Checking if antismash.modules.tta should be run
INFO     14/08 02:05:50   Running antismash.modules.tta
INFO     14/08 02:05:50   Skipping TTA codon detection, GC content too low: 48%
INFO     14/08 02:05:50   Analysing record: 256
INFO     14/08 02:05:50   Detecting secondary metabolite clusters
DEBUG    14/08 02:05:50   Checking if antismash.detection.hmm_detection should be run
INFO     14/08 02:05:50   Running antismash.detection.hmm_detection
INFO     14/08 02:05:50   HMM detection using strictness: relaxed
DEBUG    14/08 02:06:00   10 rule-based cluster(s) found in record
DEBUG    14/08 02:06:00   10 protoclusters found
DEBUG    14/08 02:06:00   0 subregions found
INFO     14/08 02:06:00   7 region(s) detected in record
DEBUG    14/08 02:06:00   Checking if antismash.detection.cluster_hmmer should be run
INFO     14/08 02:06:00   Running antismash.detection.cluster_hmmer
INFO     14/08 02:06:00   Running cluster PFAM search
DEBUG    14/08 02:06:37   Adding detection results from antismash.detection.cluster_hmmer to record
DEBUG    14/08 02:06:37   Checking if antismash.detection.genefunctions should be run
INFO     14/08 02:06:37   Running antismash.detection.genefunctions
DEBUG    14/08 02:06:42   Adding detection results from antismash.detection.genefunctions to record
DEBUG    14/08 02:06:42   annotating CDS features with extras info: 0 CDSes
DEBUG    14/08 02:06:42   annotating CDS features with halogenases info: 0 CDSes
DEBUG    14/08 02:06:42   annotating CDS features with MITE info: 0 CDSes
DEBUG    14/08 02:06:42   annotating CDS features with resist info: 0 CDSes
DEBUG    14/08 02:06:42   annotating CDS features with smcogs info: 40 CDSes
DEBUG    14/08 02:06:42   Checking if antismash.detection.nrps_pks_domains should be run
INFO     14/08 02:06:42   Running antismash.detection.nrps_pks_domains
DEBUG    14/08 02:06:42   Marking NRPS/PKS CDS features and domains in clusters
DEBUG    14/08 02:06:43   Adding detection results from antismash.detection.nrps_pks_domains to record
DEBUG    14/08 02:06:43   Checking if antismash.detection.tigrfam should be run
INFO     14/08 02:06:43   Running antismash.detection.tigrfam
INFO     14/08 02:06:43   Running TIGRFam search
DEBUG    14/08 02:06:55   Adding detection results from antismash.detection.tigrfam to record
DEBUG    14/08 02:06:55   Checking if antismash.modules.active_site_finder should be run
INFO     14/08 02:06:55   Running antismash.modules.active_site_finder
DEBUG    14/08 02:06:55   Checking if antismash.modules.cluster_compare should be run
INFO     14/08 02:06:55   Running antismash.modules.cluster_compare
DEBUG    14/08 02:06:55   Loading comparison database: MIBiG
DEBUG    14/08 02:06:55   Comparison database loaded
INFO     14/08 02:06:55   Comparing regions to reference database
DEBUG    14/08 02:06:59   Checking if antismash.modules.clusterblast should be run
INFO     14/08 02:06:59   Running antismash.modules.clusterblast
INFO     14/08 02:06:59   Running ClusterBlast
INFO     14/08 02:06:59   ClusterBlast: Loading gene cluster database into memory...
INFO     14/08 02:07:02   ClusterBlast: Loading gene cluster database proteins into memory...
INFO     14/08 02:07:31   Comparing regions to reference database
INFO     14/08 02:08:17   Running subcluster search
INFO     14/08 02:08:17   SubClusterBlast: Loading gene cluster database into memory...
INFO     14/08 02:08:17   SubClusterBlast: Loading gene cluster database proteins into memory...
INFO     14/08 02:08:22   Running known cluster search
INFO     14/08 02:08:22   KnownClusterBlast: Loading gene cluster database into memory...
INFO     14/08 02:08:22   KnownClusterBlast: Loading gene cluster database proteins into memory...
DEBUG    14/08 02:08:22   Running DIAMOND knowncluster searches..
INFO     14/08 02:08:22   Comparing regions to reference database
DEBUG    14/08 02:08:27   Checking if antismash.modules.lanthipeptides should be run
INFO     14/08 02:08:27   Running antismash.modules.lanthipeptides
DEBUG    14/08 02:08:27   Lanthipeptide module marked 0 motifs
DEBUG    14/08 02:08:27   Checking if antismash.modules.lassopeptides should be run
INFO     14/08 02:08:27   Running antismash.modules.lassopeptides
DEBUG    14/08 02:08:27   Lassopeptide module marked 0 motifs
DEBUG    14/08 02:08:27   Checking if antismash.modules.nrps_pks should be run
INFO     14/08 02:08:27   Running antismash.modules.nrps_pks
INFO     14/08 02:08:27   Predicting A domain substrate specificities with nrpys
INFO     14/08 02:08:28   Predicting NRPS C domain activity using active site motifs
INFO     14/08 02:08:29   Predicting PKS AT domain substrate specificities by Yadav et al. PKS signature sequences
INFO     14/08 02:08:29   Predicting PKS AT domain substrate specificities by Minowa et al. method
INFO     14/08 02:08:30   Predicting CAL domain substrate specificities by Minowa et al. method
INFO     14/08 02:08:30   Predicting PKS KR activity and stereochemistry using KR fingerprints from Starcevic et al.
DEBUG    14/08 02:08:30   CandidateCluster 5 monomer ordering method: colinear
DEBUG    14/08 02:08:30   CandidateCluster 7 monomer ordering method: colinear
DEBUG    14/08 02:08:30   CandidateCluster 10 monomer ordering method: colinear
DEBUG    14/08 02:08:30   CandidateCluster 12 monomer ordering method: colinear
DEBUG    14/08 02:08:30   Checking if antismash.modules.pfam2go should be run
INFO     14/08 02:08:30   Running antismash.modules.pfam2go
DEBUG    14/08 02:08:30   Checking if antismash.modules.rrefinder should be run
INFO     14/08 02:08:30   Running antismash.modules.rrefinder
DEBUG    14/08 02:08:30   Checking if antismash.modules.sactipeptides should be run
INFO     14/08 02:08:30   Running antismash.modules.sactipeptides
DEBUG    14/08 02:08:30   Found no sactipeptide motifs
DEBUG    14/08 02:08:30   Checking if antismash.modules.t2pks should be run
INFO     14/08 02:08:30   Running antismash.modules.t2pks
DEBUG    14/08 02:08:30   No type II PKS clusters to analyze
DEBUG    14/08 02:08:30   Checking if antismash.modules.terpene should be run
INFO     14/08 02:08:30   Running antismash.modules.terpene
INFO     14/08 02:08:30   Analysing terpene clusters
DEBUG    14/08 02:08:31   Checking if antismash.modules.thiopeptides should be run
INFO     14/08 02:08:31   Running antismash.modules.thiopeptides
DEBUG    14/08 02:08:31   Thiopeptides marked 0 motifs
DEBUG    14/08 02:08:31   Checking if antismash.modules.tta should be run
INFO     14/08 02:08:31   Running antismash.modules.tta
INFO     14/08 02:08:31   Skipping TTA codon detection, GC content too low: 48%
INFO     14/08 02:08:31   Analysing record: 258
INFO     14/08 02:08:31   Detecting secondary metabolite clusters
DEBUG    14/08 02:08:31   Checking if antismash.detection.hmm_detection should be run
INFO     14/08 02:08:31   Running antismash.detection.hmm_detection
INFO     14/08 02:08:31   HMM detection using strictness: relaxed
DEBUG    14/08 02:08:39   6 rule-based cluster(s) found in record
DEBUG    14/08 02:08:39   6 protoclusters found
DEBUG    14/08 02:08:39   0 subregions found
INFO     14/08 02:08:39   4 region(s) detected in record
DEBUG    14/08 02:08:39   Checking if antismash.detection.cluster_hmmer should be run
INFO     14/08 02:08:39   Running antismash.detection.cluster_hmmer
INFO     14/08 02:08:39   Running cluster PFAM search
DEBUG    14/08 02:09:09   Adding detection results from antismash.detection.cluster_hmmer to record
DEBUG    14/08 02:09:09   Checking if antismash.detection.genefunctions should be run
INFO     14/08 02:09:09   Running antismash.detection.genefunctions
DEBUG    14/08 02:09:13   Adding detection results from antismash.detection.genefunctions to record
DEBUG    14/08 02:09:13   annotating CDS features with extras info: 0 CDSes
DEBUG    14/08 02:09:13   annotating CDS features with halogenases info: 0 CDSes
DEBUG    14/08 02:09:13   annotating CDS features with MITE info: 0 CDSes
DEBUG    14/08 02:09:13   annotating CDS features with resist info: 0 CDSes
DEBUG    14/08 02:09:13   annotating CDS features with smcogs info: 28 CDSes
DEBUG    14/08 02:09:13   Checking if antismash.detection.nrps_pks_domains should be run
INFO     14/08 02:09:13   Running antismash.detection.nrps_pks_domains
DEBUG    14/08 02:09:13   Marking NRPS/PKS CDS features and domains in clusters
DEBUG    14/08 02:09:14   Adding detection results from antismash.detection.nrps_pks_domains to record
DEBUG    14/08 02:09:14   Checking if antismash.detection.tigrfam should be run
INFO     14/08 02:09:14   Running antismash.detection.tigrfam
INFO     14/08 02:09:14   Running TIGRFam search
DEBUG    14/08 02:09:24   Adding detection results from antismash.detection.tigrfam to record
DEBUG    14/08 02:09:24   Checking if antismash.modules.active_site_finder should be run
INFO     14/08 02:09:24   Running antismash.modules.active_site_finder
DEBUG    14/08 02:09:24   Checking if antismash.modules.cluster_compare should be run
INFO     14/08 02:09:24   Running antismash.modules.cluster_compare
DEBUG    14/08 02:09:24   Loading comparison database: MIBiG
DEBUG    14/08 02:09:24   Comparison database loaded
INFO     14/08 02:09:24   Comparing regions to reference database
DEBUG    14/08 02:09:27   Checking if antismash.modules.clusterblast should be run
INFO     14/08 02:09:27   Running antismash.modules.clusterblast
INFO     14/08 02:09:27   Running ClusterBlast
INFO     14/08 02:09:27   ClusterBlast: Loading gene cluster database into memory...
INFO     14/08 02:09:29   ClusterBlast: Loading gene cluster database proteins into memory...
INFO     14/08 02:10:00   Comparing regions to reference database
INFO     14/08 02:10:36   Running subcluster search
INFO     14/08 02:10:36   SubClusterBlast: Loading gene cluster database into memory...
INFO     14/08 02:10:36   SubClusterBlast: Loading gene cluster database proteins into memory...
INFO     14/08 02:10:39   Running known cluster search
INFO     14/08 02:10:39   KnownClusterBlast: Loading gene cluster database into memory...
INFO     14/08 02:10:39   KnownClusterBlast: Loading gene cluster database proteins into memory...
DEBUG    14/08 02:10:39   Running DIAMOND knowncluster searches..
INFO     14/08 02:10:39   Comparing regions to reference database
DEBUG    14/08 02:10:44   Checking if antismash.modules.lanthipeptides should be run
INFO     14/08 02:10:44   Running antismash.modules.lanthipeptides
DEBUG    14/08 02:10:44   Lanthipeptide module marked 0 motifs
DEBUG    14/08 02:10:44   Checking if antismash.modules.lassopeptides should be run
INFO     14/08 02:10:44   Running antismash.modules.lassopeptides
DEBUG    14/08 02:10:44   Lassopeptide module marked 0 motifs
DEBUG    14/08 02:10:44   Checking if antismash.modules.nrps_pks should be run
INFO     14/08 02:10:44   Running antismash.modules.nrps_pks
INFO     14/08 02:10:44   Predicting A domain substrate specificities with nrpys
INFO     14/08 02:10:44   Predicting NRPS C domain activity using active site motifs
INFO     14/08 02:10:45   Predicting PKS AT domain substrate specificities by Yadav et al. PKS signature sequences
INFO     14/08 02:10:45   Predicting PKS AT domain substrate specificities by Minowa et al. method
INFO     14/08 02:10:46   Predicting CAL domain substrate specificities by Minowa et al. method
INFO     14/08 02:10:46   Predicting PKS KR activity and stereochemistry using KR fingerprints from Starcevic et al.
DEBUG    14/08 02:10:46   CandidateCluster 1 monomer ordering method: colinear
DEBUG    14/08 02:10:46   CandidateCluster 2 monomer ordering method: colinear
DEBUG    14/08 02:10:46   CandidateCluster 3 monomer ordering method: colinear
DEBUG    14/08 02:10:46   CandidateCluster 5 monomer ordering method: colinear
DEBUG    14/08 02:10:46   CandidateCluster 7 monomer ordering method: colinear
DEBUG    14/08 02:10:46   Checking if antismash.modules.pfam2go should be run
INFO     14/08 02:10:46   Running antismash.modules.pfam2go
DEBUG    14/08 02:10:47   Checking if antismash.modules.rrefinder should be run
INFO     14/08 02:10:47   Running antismash.modules.rrefinder
DEBUG    14/08 02:10:47   Checking if antismash.modules.sactipeptides should be run
INFO     14/08 02:10:47   Running antismash.modules.sactipeptides
DEBUG    14/08 02:10:47   Found no sactipeptide motifs
DEBUG    14/08 02:10:47   Checking if antismash.modules.t2pks should be run
INFO     14/08 02:10:47   Running antismash.modules.t2pks
DEBUG    14/08 02:10:47   No type II PKS clusters to analyze
DEBUG    14/08 02:10:47   Checking if antismash.modules.terpene should be run
INFO     14/08 02:10:47   Running antismash.modules.terpene
INFO     14/08 02:10:47   Analysing terpene clusters
DEBUG    14/08 02:10:47   Checking if antismash.modules.thiopeptides should be run
INFO     14/08 02:10:47   Running antismash.modules.thiopeptides
DEBUG    14/08 02:10:47   Thiopeptides marked 0 motifs
DEBUG    14/08 02:10:47   Checking if antismash.modules.tta should be run
INFO     14/08 02:10:47   Running antismash.modules.tta
INFO     14/08 02:10:47   Skipping TTA codon detection, GC content too low: 48%
INFO     14/08 02:10:47   Analysing record: 418
INFO     14/08 02:10:47   Detecting secondary metabolite clusters
DEBUG    14/08 02:10:47   Checking if antismash.detection.hmm_detection should be run
INFO     14/08 02:10:47   Running antismash.detection.hmm_detection
INFO     14/08 02:10:47   HMM detection using strictness: relaxed
DEBUG    14/08 02:10:54   6 rule-based cluster(s) found in record
DEBUG    14/08 02:10:54   6 protoclusters found
DEBUG    14/08 02:10:54   0 subregions found
INFO     14/08 02:10:54   5 region(s) detected in record
DEBUG    14/08 02:10:54   Checking if antismash.detection.cluster_hmmer should be run
INFO     14/08 02:10:54   Running antismash.detection.cluster_hmmer
INFO     14/08 02:10:54   Running cluster PFAM search
DEBUG    14/08 02:11:21   Adding detection results from antismash.detection.cluster_hmmer to record
DEBUG    14/08 02:11:21   Checking if antismash.detection.genefunctions should be run
INFO     14/08 02:11:21   Running antismash.detection.genefunctions
DEBUG    14/08 02:11:24   Adding detection results from antismash.detection.genefunctions to record
DEBUG    14/08 02:11:24   annotating CDS features with extras info: 0 CDSes
DEBUG    14/08 02:11:24   annotating CDS features with halogenases info: 0 CDSes
DEBUG    14/08 02:11:24   annotating CDS features with MITE info: 0 CDSes
DEBUG    14/08 02:11:24   annotating CDS features with resist info: 0 CDSes
DEBUG    14/08 02:11:24   annotating CDS features with smcogs info: 23 CDSes
DEBUG    14/08 02:11:24   Checking if antismash.detection.nrps_pks_domains should be run
INFO     14/08 02:11:24   Running antismash.detection.nrps_pks_domains
DEBUG    14/08 02:11:24   Marking NRPS/PKS CDS features and domains in clusters
DEBUG    14/08 02:11:24   Adding detection results from antismash.detection.nrps_pks_domains to record
DEBUG    14/08 02:11:24   Checking if antismash.detection.tigrfam should be run
INFO     14/08 02:11:24   Running antismash.detection.tigrfam
INFO     14/08 02:11:24   Running TIGRFam search
DEBUG    14/08 02:11:33   Adding detection results from antismash.detection.tigrfam to record
DEBUG    14/08 02:11:33   Checking if antismash.modules.active_site_finder should be run
INFO     14/08 02:11:33   Running antismash.modules.active_site_finder
DEBUG    14/08 02:11:33   Checking if antismash.modules.cluster_compare should be run
INFO     14/08 02:11:33   Running antismash.modules.cluster_compare
DEBUG    14/08 02:11:33   Loading comparison database: MIBiG
DEBUG    14/08 02:11:33   Comparison database loaded
INFO     14/08 02:11:33   Comparing regions to reference database
DEBUG    14/08 02:11:35   Checking if antismash.modules.clusterblast should be run
INFO     14/08 02:11:35   Running antismash.modules.clusterblast
INFO     14/08 02:11:35   Running ClusterBlast
INFO     14/08 02:11:35   ClusterBlast: Loading gene cluster database into memory...
INFO     14/08 02:11:37   ClusterBlast: Loading gene cluster database proteins into memory...
INFO     14/08 02:12:06   Comparing regions to reference database
INFO     14/08 02:12:40   Running subcluster search
INFO     14/08 02:12:40   SubClusterBlast: Loading gene cluster database into memory...
INFO     14/08 02:12:40   SubClusterBlast: Loading gene cluster database proteins into memory...
INFO     14/08 02:12:43   Running known cluster search
INFO     14/08 02:12:43   KnownClusterBlast: Loading gene cluster database into memory...
INFO     14/08 02:12:43   KnownClusterBlast: Loading gene cluster database proteins into memory...
DEBUG    14/08 02:12:43   Running DIAMOND knowncluster searches..
INFO     14/08 02:12:43   Comparing regions to reference database
DEBUG    14/08 02:12:48   Checking if antismash.modules.lanthipeptides should be run
INFO     14/08 02:12:48   Running antismash.modules.lanthipeptides
DEBUG    14/08 02:12:48   Lanthipeptide module marked 0 motifs
DEBUG    14/08 02:12:48   Checking if antismash.modules.lassopeptides should be run
INFO     14/08 02:12:48   Running antismash.modules.lassopeptides
DEBUG    14/08 02:12:48   Lassopeptide module marked 0 motifs
DEBUG    14/08 02:12:48   Checking if antismash.modules.nrps_pks should be run
INFO     14/08 02:12:48   Running antismash.modules.nrps_pks
INFO     14/08 02:12:48   Predicting A domain substrate specificities with nrpys
INFO     14/08 02:12:48   Predicting NRPS C domain activity using active site motifs
INFO     14/08 02:12:48   Predicting CAL domain substrate specificities by Minowa et al. method
INFO     14/08 02:12:48   Predicting PKS KR activity and stereochemistry using KR fingerprints from Starcevic et al.
DEBUG    14/08 02:12:48   CandidateCluster 4 monomer ordering method: colinear
DEBUG    14/08 02:12:48   CandidateCluster 6 monomer ordering method: colinear
DEBUG    14/08 02:12:48   Checking if antismash.modules.pfam2go should be run
INFO     14/08 02:12:48   Running antismash.modules.pfam2go
DEBUG    14/08 02:12:48   Checking if antismash.modules.rrefinder should be run
INFO     14/08 02:12:48   Running antismash.modules.rrefinder
DEBUG    14/08 02:12:48   Checking if antismash.modules.sactipeptides should be run
INFO     14/08 02:12:48   Running antismash.modules.sactipeptides
DEBUG    14/08 02:12:48   Found no sactipeptide motifs
DEBUG    14/08 02:12:49   Checking if antismash.modules.t2pks should be run
INFO     14/08 02:12:49   Running antismash.modules.t2pks
DEBUG    14/08 02:12:49   No type II PKS clusters to analyze
DEBUG    14/08 02:12:49   Checking if antismash.modules.terpene should be run
INFO     14/08 02:12:49   Running antismash.modules.terpene
INFO     14/08 02:12:49   Analysing terpene clusters
DEBUG    14/08 02:12:49   Checking if antismash.modules.thiopeptides should be run
INFO     14/08 02:12:49   Running antismash.modules.thiopeptides
DEBUG    14/08 02:12:49   Thiopeptides marked 0 motifs
DEBUG    14/08 02:12:49   Checking if antismash.modules.tta should be run
INFO     14/08 02:12:49   Running antismash.modules.tta
INFO     14/08 02:12:49   Skipping TTA codon detection, GC content too low: 48%
INFO     14/08 02:12:49   Analysing record: 431
INFO     14/08 02:12:49   Detecting secondary metabolite clusters
DEBUG    14/08 02:12:49   Checking if antismash.detection.hmm_detection should be run
INFO     14/08 02:12:49   Running antismash.detection.hmm_detection
INFO     14/08 02:12:49   HMM detection using strictness: relaxed
DEBUG    14/08 02:12:56   4 rule-based cluster(s) found in record
DEBUG    14/08 02:12:56   4 protoclusters found
DEBUG    14/08 02:12:56   0 subregions found
INFO     14/08 02:12:56   3 region(s) detected in record
DEBUG    14/08 02:12:56   Checking if antismash.detection.cluster_hmmer should be run
INFO     14/08 02:12:56   Running antismash.detection.cluster_hmmer
INFO     14/08 02:12:56   Running cluster PFAM search
DEBUG    14/08 02:13:20   Adding detection results from antismash.detection.cluster_hmmer to record
DEBUG    14/08 02:13:20   Checking if antismash.detection.genefunctions should be run
INFO     14/08 02:13:20   Running antismash.detection.genefunctions
DEBUG    14/08 02:13:23   Adding detection results from antismash.detection.genefunctions to record
DEBUG    14/08 02:13:23   annotating CDS features with extras info: 0 CDSes
DEBUG    14/08 02:13:23   annotating CDS features with halogenases info: 0 CDSes
DEBUG    14/08 02:13:23   annotating CDS features with MITE info: 0 CDSes
DEBUG    14/08 02:13:23   annotating CDS features with resist info: 1 CDSes
DEBUG    14/08 02:13:23   annotating CDS features with smcogs info: 22 CDSes
DEBUG    14/08 02:13:23   Checking if antismash.detection.nrps_pks_domains should be run
INFO     14/08 02:13:23   Running antismash.detection.nrps_pks_domains
DEBUG    14/08 02:13:23   Marking NRPS/PKS CDS features and domains in clusters
DEBUG    14/08 02:13:24   Adding detection results from antismash.detection.nrps_pks_domains to record
DEBUG    14/08 02:13:24   Checking if antismash.detection.tigrfam should be run
INFO     14/08 02:13:24   Running antismash.detection.tigrfam
INFO     14/08 02:13:24   Running TIGRFam search
DEBUG    14/08 02:13:32   Adding detection results from antismash.detection.tigrfam to record
DEBUG    14/08 02:13:32   Checking if antismash.modules.active_site_finder should be run
INFO     14/08 02:13:32   Running antismash.modules.active_site_finder
DEBUG    14/08 02:13:32   Checking if antismash.modules.cluster_compare should be run
INFO     14/08 02:13:32   Running antismash.modules.cluster_compare
DEBUG    14/08 02:13:32   Loading comparison database: MIBiG
DEBUG    14/08 02:13:32   Comparison database loaded
INFO     14/08 02:13:32   Comparing regions to reference database
DEBUG    14/08 02:13:35   Checking if antismash.modules.clusterblast should be run
INFO     14/08 02:13:35   Running antismash.modules.clusterblast
INFO     14/08 02:13:35   Running ClusterBlast
INFO     14/08 02:13:35   ClusterBlast: Loading gene cluster database into memory...
INFO     14/08 02:13:38   ClusterBlast: Loading gene cluster database proteins into memory...
INFO     14/08 02:14:07   Comparing regions to reference database
INFO     14/08 02:14:33   Running subcluster search
INFO     14/08 02:14:33   SubClusterBlast: Loading gene cluster database into memory...
INFO     14/08 02:14:33   SubClusterBlast: Loading gene cluster database proteins into memory...
INFO     14/08 02:14:35   Running known cluster search
INFO     14/08 02:14:35   KnownClusterBlast: Loading gene cluster database into memory...
INFO     14/08 02:14:35   KnownClusterBlast: Loading gene cluster database proteins into memory...
DEBUG    14/08 02:14:35   Running DIAMOND knowncluster searches..
INFO     14/08 02:14:35   Comparing regions to reference database
DEBUG    14/08 02:14:40   Checking if antismash.modules.lanthipeptides should be run
INFO     14/08 02:14:40   Running antismash.modules.lanthipeptides
DEBUG    14/08 02:14:40   Lanthipeptide module marked 0 motifs
DEBUG    14/08 02:14:40   Checking if antismash.modules.lassopeptides should be run
INFO     14/08 02:14:40   Running antismash.modules.lassopeptides
DEBUG    14/08 02:14:40   Lassopeptide module marked 0 motifs
DEBUG    14/08 02:14:40   Checking if antismash.modules.nrps_pks should be run
INFO     14/08 02:14:40   Running antismash.modules.nrps_pks
INFO     14/08 02:14:40   Predicting A domain substrate specificities with nrpys
INFO     14/08 02:14:40   Predicting NRPS C domain activity using active site motifs
INFO     14/08 02:14:40   Predicting PKS AT domain substrate specificities by Yadav et al. PKS signature sequences
INFO     14/08 02:14:41   Predicting PKS AT domain substrate specificities by Minowa et al. method
INFO     14/08 02:14:41   Predicting CAL domain substrate specificities by Minowa et al. method
INFO     14/08 02:14:41   Predicting PKS KR activity and stereochemistry using KR fingerprints from Starcevic et al.
DEBUG    14/08 02:14:42   CandidateCluster 1 monomer ordering method: colinear
DEBUG    14/08 02:14:42   CandidateCluster 3 monomer ordering method: colinear
DEBUG    14/08 02:14:42   CandidateCluster 4 monomer ordering method: domain docking analysis
DEBUG    14/08 02:14:42   CandidateCluster 5 monomer ordering method: colinear
DEBUG    14/08 02:14:42   Checking if antismash.modules.pfam2go should be run
INFO     14/08 02:14:42   Running antismash.modules.pfam2go
DEBUG    14/08 02:14:42   Checking if antismash.modules.rrefinder should be run
INFO     14/08 02:14:42   Running antismash.modules.rrefinder
DEBUG    14/08 02:14:42   Checking if antismash.modules.sactipeptides should be run
INFO     14/08 02:14:42   Running antismash.modules.sactipeptides
DEBUG    14/08 02:14:42   Found no sactipeptide motifs
DEBUG    14/08 02:14:42   Checking if antismash.modules.t2pks should be run
INFO     14/08 02:14:42   Running antismash.modules.t2pks
DEBUG    14/08 02:14:42   No type II PKS clusters to analyze
DEBUG    14/08 02:14:42   Checking if antismash.modules.terpene should be run
INFO     14/08 02:14:42   Running antismash.modules.terpene
INFO     14/08 02:14:42   Analysing terpene clusters
DEBUG    14/08 02:14:42   Checking if antismash.modules.thiopeptides should be run
INFO     14/08 02:14:42   Running antismash.modules.thiopeptides
DEBUG    14/08 02:14:42   Thiopeptides marked 0 motifs
DEBUG    14/08 02:14:42   Checking if antismash.modules.tta should be run
INFO     14/08 02:14:42   Running antismash.modules.tta
INFO     14/08 02:14:42   Skipping TTA codon detection, GC content too low: 48%
INFO     14/08 02:14:42   Analysing record: 432
INFO     14/08 02:14:42   Detecting secondary metabolite clusters
DEBUG    14/08 02:14:42   Checking if antismash.detection.hmm_detection should be run
INFO     14/08 02:14:42   Running antismash.detection.hmm_detection
INFO     14/08 02:14:42   HMM detection using strictness: relaxed
DEBUG    14/08 02:14:48   3 rule-based cluster(s) found in record
DEBUG    14/08 02:14:48   3 protoclusters found
DEBUG    14/08 02:14:48   0 subregions found
INFO     14/08 02:14:48   3 region(s) detected in record
DEBUG    14/08 02:14:48   Checking if antismash.detection.cluster_hmmer should be run
INFO     14/08 02:14:48   Running antismash.detection.cluster_hmmer
INFO     14/08 02:14:48   Running cluster PFAM search
DEBUG    14/08 02:15:05   Adding detection results from antismash.detection.cluster_hmmer to record
DEBUG    14/08 02:15:05   Checking if antismash.detection.genefunctions should be run
INFO     14/08 02:15:05   Running antismash.detection.genefunctions
DEBUG    14/08 02:15:07   Adding detection results from antismash.detection.genefunctions to record
DEBUG    14/08 02:15:07   annotating CDS features with extras info: 0 CDSes
DEBUG    14/08 02:15:07   annotating CDS features with halogenases info: 0 CDSes
DEBUG    14/08 02:15:07   annotating CDS features with MITE info: 0 CDSes
DEBUG    14/08 02:15:07   annotating CDS features with resist info: 0 CDSes
DEBUG    14/08 02:15:07   annotating CDS features with smcogs info: 15 CDSes
DEBUG    14/08 02:15:07   Checking if antismash.detection.nrps_pks_domains should be run
INFO     14/08 02:15:07   Running antismash.detection.nrps_pks_domains
DEBUG    14/08 02:15:07   Marking NRPS/PKS CDS features and domains in clusters
DEBUG    14/08 02:15:07   Adding detection results from antismash.detection.nrps_pks_domains to record
DEBUG    14/08 02:15:07   Checking if antismash.detection.tigrfam should be run
INFO     14/08 02:15:07   Running antismash.detection.tigrfam
INFO     14/08 02:15:07   Running TIGRFam search
DEBUG    14/08 02:15:12   Adding detection results from antismash.detection.tigrfam to record
DEBUG    14/08 02:15:12   Checking if antismash.modules.active_site_finder should be run
INFO     14/08 02:15:12   Running antismash.modules.active_site_finder
DEBUG    14/08 02:15:12   Checking if antismash.modules.cluster_compare should be run
INFO     14/08 02:15:12   Running antismash.modules.cluster_compare
DEBUG    14/08 02:15:12   Loading comparison database: MIBiG
DEBUG    14/08 02:15:12   Comparison database loaded
INFO     14/08 02:15:12   Comparing regions to reference database
DEBUG    14/08 02:15:15   Checking if antismash.modules.clusterblast should be run
INFO     14/08 02:15:15   Running antismash.modules.clusterblast
INFO     14/08 02:15:15   Running ClusterBlast
INFO     14/08 02:15:15   ClusterBlast: Loading gene cluster database into memory...
INFO     14/08 02:15:16   ClusterBlast: Loading gene cluster database proteins into memory...
INFO     14/08 02:15:45   Comparing regions to reference database
INFO     14/08 02:16:10   Running subcluster search
INFO     14/08 02:16:10   SubClusterBlast: Loading gene cluster database into memory...
INFO     14/08 02:16:10   SubClusterBlast: Loading gene cluster database proteins into memory...
INFO     14/08 02:16:12   Running known cluster search
INFO     14/08 02:16:12   KnownClusterBlast: Loading gene cluster database into memory...
INFO     14/08 02:16:12   KnownClusterBlast: Loading gene cluster database proteins into memory...
DEBUG    14/08 02:16:12   Running DIAMOND knowncluster searches..
INFO     14/08 02:16:12   Comparing regions to reference database
DEBUG    14/08 02:16:16   Checking if antismash.modules.lanthipeptides should be run
INFO     14/08 02:16:16   Running antismash.modules.lanthipeptides
DEBUG    14/08 02:16:16   Lanthipeptide module marked 0 motifs
DEBUG    14/08 02:16:17   Checking if antismash.modules.lassopeptides should be run
INFO     14/08 02:16:17   Running antismash.modules.lassopeptides
DEBUG    14/08 02:16:17   Lassopeptide module marked 0 motifs
DEBUG    14/08 02:16:17   Checking if antismash.modules.nrps_pks should be run
INFO     14/08 02:16:17   Running antismash.modules.nrps_pks
INFO     14/08 02:16:17   Predicting A domain substrate specificities with nrpys
INFO     14/08 02:16:17   Predicting NRPS C domain activity using active site motifs
INFO     14/08 02:16:17   Predicting CAL domain substrate specificities by Minowa et al. method
INFO     14/08 02:16:17   Predicting PKS KR activity and stereochemistry using KR fingerprints from Starcevic et al.
DEBUG    14/08 02:16:17   CandidateCluster 1 monomer ordering method: colinear
DEBUG    14/08 02:16:17   Checking if antismash.modules.pfam2go should be run
INFO     14/08 02:16:17   Running antismash.modules.pfam2go
DEBUG    14/08 02:16:17   Checking if antismash.modules.rrefinder should be run
INFO     14/08 02:16:17   Running antismash.modules.rrefinder
DEBUG    14/08 02:16:17   Checking if antismash.modules.sactipeptides should be run
INFO     14/08 02:16:17   Running antismash.modules.sactipeptides
DEBUG    14/08 02:16:17   Found no sactipeptide motifs
DEBUG    14/08 02:16:17   Checking if antismash.modules.t2pks should be run
INFO     14/08 02:16:17   Running antismash.modules.t2pks
DEBUG    14/08 02:16:17   No type II PKS clusters to analyze
DEBUG    14/08 02:16:17   Checking if antismash.modules.terpene should be run
INFO     14/08 02:16:17   Running antismash.modules.terpene
INFO     14/08 02:16:17   Analysing terpene clusters
DEBUG    14/08 02:16:17   Checking if antismash.modules.thiopeptides should be run
INFO     14/08 02:16:17   Running antismash.modules.thiopeptides
DEBUG    14/08 02:16:17   Thiopeptides marked 0 motifs
DEBUG    14/08 02:16:17   Checking if antismash.modules.tta should be run
INFO     14/08 02:16:17   Running antismash.modules.tta
INFO     14/08 02:16:17   Skipping TTA codon detection, GC content too low: 48%
INFO     14/08 02:16:17   Analysing record: 433
INFO     14/08 02:16:17   Detecting secondary metabolite clusters
DEBUG    14/08 02:16:17   Checking if antismash.detection.hmm_detection should be run
INFO     14/08 02:16:17   Running antismash.detection.hmm_detection
INFO     14/08 02:16:17   HMM detection using strictness: relaxed
DEBUG    14/08 02:16:26   7 rule-based cluster(s) found in record
DEBUG    14/08 02:16:26   7 protoclusters found
DEBUG    14/08 02:16:26   0 subregions found
INFO     14/08 02:16:26   6 region(s) detected in record
DEBUG    14/08 02:16:26   Checking if antismash.detection.cluster_hmmer should be run
INFO     14/08 02:16:26   Running antismash.detection.cluster_hmmer
INFO     14/08 02:16:26   Running cluster PFAM search
DEBUG    14/08 02:17:03   Adding detection results from antismash.detection.cluster_hmmer to record
DEBUG    14/08 02:17:03   Checking if antismash.detection.genefunctions should be run
INFO     14/08 02:17:03   Running antismash.detection.genefunctions
DEBUG    14/08 02:17:07   Adding detection results from antismash.detection.genefunctions to record
DEBUG    14/08 02:17:07   annotating CDS features with extras info: 0 CDSes
DEBUG    14/08 02:17:07   annotating CDS features with halogenases info: 0 CDSes
DEBUG    14/08 02:17:07   annotating CDS features with MITE info: 0 CDSes
DEBUG    14/08 02:17:07   annotating CDS features with resist info: 0 CDSes
DEBUG    14/08 02:17:07   annotating CDS features with smcogs info: 29 CDSes
DEBUG    14/08 02:17:07   Checking if antismash.detection.nrps_pks_domains should be run
INFO     14/08 02:17:07   Running antismash.detection.nrps_pks_domains
DEBUG    14/08 02:17:07   Marking NRPS/PKS CDS features and domains in clusters
DEBUG    14/08 02:17:08   Adding detection results from antismash.detection.nrps_pks_domains to record
DEBUG    14/08 02:17:08   Checking if antismash.detection.tigrfam should be run
INFO     14/08 02:17:08   Running antismash.detection.tigrfam
INFO     14/08 02:17:08   Running TIGRFam search
DEBUG    14/08 02:17:21   Adding detection results from antismash.detection.tigrfam to record
DEBUG    14/08 02:17:21   Checking if antismash.modules.active_site_finder should be run
INFO     14/08 02:17:21   Running antismash.modules.active_site_finder
DEBUG    14/08 02:17:21   Checking if antismash.modules.cluster_compare should be run
INFO     14/08 02:17:21   Running antismash.modules.cluster_compare
DEBUG    14/08 02:17:21   Loading comparison database: MIBiG
DEBUG    14/08 02:17:21   Comparison database loaded
INFO     14/08 02:17:21   Comparing regions to reference database
DEBUG    14/08 02:17:24   Checking if antismash.modules.clusterblast should be run
INFO     14/08 02:17:24   Running antismash.modules.clusterblast
INFO     14/08 02:17:24   Running ClusterBlast
INFO     14/08 02:17:24   ClusterBlast: Loading gene cluster database into memory...
INFO     14/08 02:17:25   ClusterBlast: Loading gene cluster database proteins into memory...
INFO     14/08 02:17:56   Comparing regions to reference database
INFO     14/08 02:18:39   Running subcluster search
INFO     14/08 02:18:39   SubClusterBlast: Loading gene cluster database into memory...
INFO     14/08 02:18:39   SubClusterBlast: Loading gene cluster database proteins into memory...
INFO     14/08 02:18:44   Running known cluster search
INFO     14/08 02:18:44   KnownClusterBlast: Loading gene cluster database into memory...
INFO     14/08 02:18:44   KnownClusterBlast: Loading gene cluster database proteins into memory...
DEBUG    14/08 02:18:44   Running DIAMOND knowncluster searches..
INFO     14/08 02:18:44   Comparing regions to reference database
DEBUG    14/08 02:18:49   Checking if antismash.modules.lanthipeptides should be run
INFO     14/08 02:18:49   Running antismash.modules.lanthipeptides
DEBUG    14/08 02:18:49   Lanthipeptide module marked 0 motifs
DEBUG    14/08 02:18:49   Checking if antismash.modules.lassopeptides should be run
INFO     14/08 02:18:49   Running antismash.modules.lassopeptides
DEBUG    14/08 02:18:49   Lassopeptide module marked 0 motifs
DEBUG    14/08 02:18:49   Checking if antismash.modules.nrps_pks should be run
INFO     14/08 02:18:49   Running antismash.modules.nrps_pks
INFO     14/08 02:18:49   Predicting A domain substrate specificities with nrpys
INFO     14/08 02:18:49   Predicting NRPS C domain activity using active site motifs
INFO     14/08 02:18:49   Predicting PKS AT domain substrate specificities by Yadav et al. PKS signature sequences
INFO     14/08 02:18:51   Predicting PKS AT domain substrate specificities by Minowa et al. method
INFO     14/08 02:18:52   Predicting CAL domain substrate specificities by Minowa et al. method
INFO     14/08 02:18:52   Predicting PKS KR activity and stereochemistry using KR fingerprints from Starcevic et al.
DEBUG    14/08 02:18:52   CandidateCluster 1 monomer ordering method: domain docking analysis
DEBUG    14/08 02:18:52   CandidateCluster 2 monomer ordering method: colinear
DEBUG    14/08 02:18:52   CandidateCluster 4 monomer ordering method: colinear
DEBUG    14/08 02:18:52   CandidateCluster 5 monomer ordering method: domain docking analysis
DEBUG    14/08 02:18:52   CandidateCluster 6 monomer ordering method: domain docking analysis
DEBUG    14/08 02:18:52   CandidateCluster 7 monomer ordering method: colinear
DEBUG    14/08 02:18:52   CandidateCluster 8 monomer ordering method: colinear
DEBUG    14/08 02:18:52   Checking if antismash.modules.pfam2go should be run
INFO     14/08 02:18:52   Running antismash.modules.pfam2go
DEBUG    14/08 02:18:52   Checking if antismash.modules.rrefinder should be run
INFO     14/08 02:18:52   Running antismash.modules.rrefinder
DEBUG    14/08 02:18:52   Checking if antismash.modules.sactipeptides should be run
INFO     14/08 02:18:52   Running antismash.modules.sactipeptides
DEBUG    14/08 02:18:52   Found no sactipeptide motifs
DEBUG    14/08 02:18:53   Checking if antismash.modules.t2pks should be run
INFO     14/08 02:18:53   Running antismash.modules.t2pks
DEBUG    14/08 02:18:53   No type II PKS clusters to analyze
DEBUG    14/08 02:18:53   Checking if antismash.modules.terpene should be run
INFO     14/08 02:18:53   Running antismash.modules.terpene
INFO     14/08 02:18:53   Analysing terpene clusters
DEBUG    14/08 02:18:53   Checking if antismash.modules.thiopeptides should be run
INFO     14/08 02:18:53   Running antismash.modules.thiopeptides
DEBUG    14/08 02:18:53   Thiopeptides marked 0 motifs
DEBUG    14/08 02:18:53   Checking if antismash.modules.tta should be run
INFO     14/08 02:18:53   Running antismash.modules.tta
INFO     14/08 02:18:53   Skipping TTA codon detection, GC content too low: 48%
INFO     14/08 02:18:53   Analysing record: 471
INFO     14/08 02:18:53   Detecting secondary metabolite clusters
DEBUG    14/08 02:18:53   Checking if antismash.detection.hmm_detection should be run
INFO     14/08 02:18:53   Running antismash.detection.hmm_detection
INFO     14/08 02:18:53   HMM detection using strictness: relaxed
DEBUG    14/08 02:19:02   5 rule-based cluster(s) found in record
DEBUG    14/08 02:19:02   5 protoclusters found
DEBUG    14/08 02:19:02   0 subregions found
INFO     14/08 02:19:02   4 region(s) detected in record
DEBUG    14/08 02:19:02   Checking if antismash.detection.cluster_hmmer should be run
INFO     14/08 02:19:02   Running antismash.detection.cluster_hmmer
INFO     14/08 02:19:02   Running cluster PFAM search
DEBUG    14/08 02:19:26   Adding detection results from antismash.detection.cluster_hmmer to record
DEBUG    14/08 02:19:26   Checking if antismash.detection.genefunctions should be run
INFO     14/08 02:19:26   Running antismash.detection.genefunctions
DEBUG    14/08 02:19:28   Adding detection results from antismash.detection.genefunctions to record
DEBUG    14/08 02:19:28   annotating CDS features with extras info: 0 CDSes
DEBUG    14/08 02:19:28   annotating CDS features with halogenases info: 0 CDSes
DEBUG    14/08 02:19:28   annotating CDS features with MITE info: 0 CDSes
DEBUG    14/08 02:19:28   annotating CDS features with resist info: 0 CDSes
DEBUG    14/08 02:19:28   annotating CDS features with smcogs info: 16 CDSes
DEBUG    14/08 02:19:28   Checking if antismash.detection.nrps_pks_domains should be run
INFO     14/08 02:19:28   Running antismash.detection.nrps_pks_domains
DEBUG    14/08 02:19:28   Marking NRPS/PKS CDS features and domains in clusters
DEBUG    14/08 02:19:29   Adding detection results from antismash.detection.nrps_pks_domains to record
DEBUG    14/08 02:19:29   Checking if antismash.detection.tigrfam should be run
INFO     14/08 02:19:29   Running antismash.detection.tigrfam
INFO     14/08 02:19:29   Running TIGRFam search
DEBUG    14/08 02:19:36   Adding detection results from antismash.detection.tigrfam to record
DEBUG    14/08 02:19:36   Checking if antismash.modules.active_site_finder should be run
INFO     14/08 02:19:36   Running antismash.modules.active_site_finder
DEBUG    14/08 02:19:36   Checking if antismash.modules.cluster_compare should be run
INFO     14/08 02:19:36   Running antismash.modules.cluster_compare
DEBUG    14/08 02:19:36   Loading comparison database: MIBiG
DEBUG    14/08 02:19:36   Comparison database loaded
INFO     14/08 02:19:36   Comparing regions to reference database
DEBUG    14/08 02:19:39   Checking if antismash.modules.clusterblast should be run
INFO     14/08 02:19:39   Running antismash.modules.clusterblast
INFO     14/08 02:19:39   Running ClusterBlast
INFO     14/08 02:19:39   ClusterBlast: Loading gene cluster database into memory...
INFO     14/08 02:19:41   ClusterBlast: Loading gene cluster database proteins into memory...
INFO     14/08 02:20:14   Comparing regions to reference database
INFO     14/08 02:20:58   Running subcluster search
INFO     14/08 02:20:58   SubClusterBlast: Loading gene cluster database into memory...
INFO     14/08 02:20:58   SubClusterBlast: Loading gene cluster database proteins into memory...
INFO     14/08 02:21:02   Running known cluster search
INFO     14/08 02:21:02   KnownClusterBlast: Loading gene cluster database into memory...
INFO     14/08 02:21:02   KnownClusterBlast: Loading gene cluster database proteins into memory...
DEBUG    14/08 02:21:03   Running DIAMOND knowncluster searches..
INFO     14/08 02:21:03   Comparing regions to reference database
DEBUG    14/08 02:21:08   Checking if antismash.modules.lanthipeptides should be run
INFO     14/08 02:21:08   Running antismash.modules.lanthipeptides
DEBUG    14/08 02:21:08   Lanthipeptide module marked 0 motifs
DEBUG    14/08 02:21:08   Checking if antismash.modules.lassopeptides should be run
INFO     14/08 02:21:08   Running antismash.modules.lassopeptides
DEBUG    14/08 02:21:08   Lassopeptide module marked 0 motifs
DEBUG    14/08 02:21:08   Checking if antismash.modules.nrps_pks should be run
INFO     14/08 02:21:08   Running antismash.modules.nrps_pks
INFO     14/08 02:21:08   Predicting A domain substrate specificities with nrpys
INFO     14/08 02:21:08   Predicting NRPS C domain activity using active site motifs
INFO     14/08 02:21:09   Predicting PKS AT domain substrate specificities by Yadav et al. PKS signature sequences
INFO     14/08 02:21:10   Predicting PKS AT domain substrate specificities by Minowa et al. method
INFO     14/08 02:21:10   Predicting CAL domain substrate specificities by Minowa et al. method
INFO     14/08 02:21:10   Predicting PKS KR activity and stereochemistry using KR fingerprints from Starcevic et al.
DEBUG    14/08 02:21:10   CandidateCluster 5 monomer ordering method: colinear
DEBUG    14/08 02:21:10   CandidateCluster 6 monomer ordering method: colinear
DEBUG    14/08 02:21:10   Checking if antismash.modules.pfam2go should be run
INFO     14/08 02:21:10   Running antismash.modules.pfam2go
DEBUG    14/08 02:21:10   Checking if antismash.modules.rrefinder should be run
INFO     14/08 02:21:10   Running antismash.modules.rrefinder
DEBUG    14/08 02:21:10   Checking if antismash.modules.sactipeptides should be run
INFO     14/08 02:21:10   Running antismash.modules.sactipeptides
DEBUG    14/08 02:21:10   Found no sactipeptide motifs
DEBUG    14/08 02:21:10   Checking if antismash.modules.t2pks should be run
INFO     14/08 02:21:10   Running antismash.modules.t2pks
DEBUG    14/08 02:21:10   No type II PKS clusters to analyze
DEBUG    14/08 02:21:10   Checking if antismash.modules.terpene should be run
INFO     14/08 02:21:10   Running antismash.modules.terpene
INFO     14/08 02:21:10   Analysing terpene clusters
DEBUG    14/08 02:21:11   Checking if antismash.modules.thiopeptides should be run
INFO     14/08 02:21:11   Running antismash.modules.thiopeptides
DEBUG    14/08 02:21:11   Thiopeptides marked 0 motifs
DEBUG    14/08 02:21:11   Checking if antismash.modules.tta should be run
INFO     14/08 02:21:11   Running antismash.modules.tta
INFO     14/08 02:21:11   Skipping TTA codon detection, GC content too low: 49%
INFO     14/08 02:21:11   Analysing record: 480
INFO     14/08 02:21:11   Detecting secondary metabolite clusters
DEBUG    14/08 02:21:11   Checking if antismash.detection.hmm_detection should be run
INFO     14/08 02:21:11   Running antismash.detection.hmm_detection
INFO     14/08 02:21:11   HMM detection using strictness: relaxed
DEBUG    14/08 02:21:25   11 rule-based cluster(s) found in record
DEBUG    14/08 02:21:25   11 protoclusters found
DEBUG    14/08 02:21:25   0 subregions found
INFO     14/08 02:21:25   5 region(s) detected in record
DEBUG    14/08 02:21:25   Checking if antismash.detection.cluster_hmmer should be run
INFO     14/08 02:21:25   Running antismash.detection.cluster_hmmer
INFO     14/08 02:21:25   Running cluster PFAM search
DEBUG    14/08 02:22:27   Adding detection results from antismash.detection.cluster_hmmer to record
DEBUG    14/08 02:22:27   Checking if antismash.detection.genefunctions should be run
INFO     14/08 02:22:27   Running antismash.detection.genefunctions
DEBUG    14/08 02:22:33   Adding detection results from antismash.detection.genefunctions to record
DEBUG    14/08 02:22:33   annotating CDS features with extras info: 0 CDSes
DEBUG    14/08 02:22:33   annotating CDS features with halogenases info: 0 CDSes
DEBUG    14/08 02:22:33   annotating CDS features with MITE info: 0 CDSes
DEBUG    14/08 02:22:33   annotating CDS features with resist info: 0 CDSes
DEBUG    14/08 02:22:33   annotating CDS features with smcogs info: 49 CDSes
DEBUG    14/08 02:22:33   Checking if antismash.detection.nrps_pks_domains should be run
INFO     14/08 02:22:33   Running antismash.detection.nrps_pks_domains
DEBUG    14/08 02:22:33   Marking NRPS/PKS CDS features and domains in clusters
DEBUG    14/08 02:22:36   Adding detection results from antismash.detection.nrps_pks_domains to record
DEBUG    14/08 02:22:36   Checking if antismash.detection.tigrfam should be run
INFO     14/08 02:22:36   Running antismash.detection.tigrfam
INFO     14/08 02:22:36   Running TIGRFam search
DEBUG    14/08 02:22:56   Adding detection results from antismash.detection.tigrfam to record
DEBUG    14/08 02:22:56   Checking if antismash.modules.active_site_finder should be run
INFO     14/08 02:22:56   Running antismash.modules.active_site_finder
DEBUG    14/08 02:22:56   Checking if antismash.modules.cluster_compare should be run
INFO     14/08 02:22:56   Running antismash.modules.cluster_compare
DEBUG    14/08 02:22:56   Loading comparison database: MIBiG
DEBUG    14/08 02:22:56   Comparison database loaded
INFO     14/08 02:22:56   Comparing regions to reference database
DEBUG    14/08 02:23:02   Checking if antismash.modules.clusterblast should be run
INFO     14/08 02:23:02   Running antismash.modules.clusterblast
INFO     14/08 02:23:02   Running ClusterBlast
INFO     14/08 02:23:02   ClusterBlast: Loading gene cluster database into memory...
INFO     14/08 02:23:04   ClusterBlast: Loading gene cluster database proteins into memory...
INFO     14/08 02:23:49   Comparing regions to reference database
INFO     14/08 02:25:20   Running subcluster search
INFO     14/08 02:25:20   SubClusterBlast: Loading gene cluster database into memory...
INFO     14/08 02:25:20   SubClusterBlast: Loading gene cluster database proteins into memory...
INFO     14/08 02:25:25   Running known cluster search
INFO     14/08 02:25:25   KnownClusterBlast: Loading gene cluster database into memory...
INFO     14/08 02:25:25   KnownClusterBlast: Loading gene cluster database proteins into memory...
DEBUG    14/08 02:25:25   Running DIAMOND knowncluster searches..
INFO     14/08 02:25:25   Comparing regions to reference database
DEBUG    14/08 02:25:33   Checking if antismash.modules.lanthipeptides should be run
INFO     14/08 02:25:33   Running antismash.modules.lanthipeptides
DEBUG    14/08 02:25:33   Lanthipeptide module marked 0 motifs
DEBUG    14/08 02:25:33   Checking if antismash.modules.lassopeptides should be run
INFO     14/08 02:25:33   Running antismash.modules.lassopeptides
DEBUG    14/08 02:25:34   Lassopeptide module marked 0 motifs
DEBUG    14/08 02:25:34   Checking if antismash.modules.nrps_pks should be run
INFO     14/08 02:25:34   Running antismash.modules.nrps_pks
INFO     14/08 02:25:34   Predicting A domain substrate specificities with nrpys
INFO     14/08 02:25:34   Predicting NRPS C domain activity using active site motifs
INFO     14/08 02:25:38   Predicting PKS AT domain substrate specificities by Yadav et al. PKS signature sequences
INFO     14/08 02:25:39   Predicting PKS AT domain substrate specificities by Minowa et al. method
INFO     14/08 02:25:40   Predicting CAL domain substrate specificities by Minowa et al. method
INFO     14/08 02:25:40   Predicting PKS KR activity and stereochemistry using KR fingerprints from Starcevic et al.
DEBUG    14/08 02:25:40   CandidateCluster 1 monomer ordering method: colinear
DEBUG    14/08 02:25:40   CandidateCluster 2 monomer ordering method: colinear
DEBUG    14/08 02:25:40   CandidateCluster 3 monomer ordering method: colinear
DEBUG    14/08 02:25:40   CandidateCluster 4 monomer ordering method: colinear
DEBUG    14/08 02:25:40   CandidateCluster 5 monomer ordering method: colinear
DEBUG    14/08 02:25:40   CandidateCluster 7 monomer ordering method: colinear
DEBUG    14/08 02:25:40   No SMILES mapping for unknown monomer 'Me-Me-ccmal'
DEBUG    14/08 02:25:40   No SMILES mapping for unknown monomer 'Me-Me-ccmal'
DEBUG    14/08 02:25:40   CandidateCluster 8 monomer ordering method: colinear
DEBUG    14/08 02:25:40   CandidateCluster 10 monomer ordering method: colinear
DEBUG    14/08 02:25:40   No SMILES mapping for unknown monomer 'Me-Me-ccmal'
DEBUG    14/08 02:25:40   No SMILES mapping for unknown monomer 'Me-Me-ccmal'
DEBUG    14/08 02:25:40   CandidateCluster 11 monomer ordering method: colinear
DEBUG    14/08 02:25:40   No SMILES mapping for unknown monomer 'Me-Me-ccmal'
DEBUG    14/08 02:25:40   No SMILES mapping for unknown monomer 'Me-Me-ccmal'
DEBUG    14/08 02:25:40   CandidateCluster 13 monomer ordering method: colinear
DEBUG    14/08 02:25:40   Checking if antismash.modules.pfam2go should be run
INFO     14/08 02:25:40   Running antismash.modules.pfam2go
DEBUG    14/08 02:25:40   Checking if antismash.modules.rrefinder should be run
INFO     14/08 02:25:40   Running antismash.modules.rrefinder
DEBUG    14/08 02:25:40   Checking if antismash.modules.sactipeptides should be run
INFO     14/08 02:25:40   Running antismash.modules.sactipeptides
DEBUG    14/08 02:25:40   Found no sactipeptide motifs
DEBUG    14/08 02:25:40   Checking if antismash.modules.t2pks should be run
INFO     14/08 02:25:40   Running antismash.modules.t2pks
DEBUG    14/08 02:25:40   No type II PKS clusters to analyze
DEBUG    14/08 02:25:40   Checking if antismash.modules.terpene should be run
INFO     14/08 02:25:40   Running antismash.modules.terpene
INFO     14/08 02:25:40   Analysing terpene clusters
DEBUG    14/08 02:25:41   Checking if antismash.modules.thiopeptides should be run
INFO     14/08 02:25:41   Running antismash.modules.thiopeptides
DEBUG    14/08 02:25:41   Thiopeptides marked 0 motifs
DEBUG    14/08 02:25:41   Checking if antismash.modules.tta should be run
INFO     14/08 02:25:41   Running antismash.modules.tta
INFO     14/08 02:25:41   Skipping TTA codon detection, GC content too low: 49%
INFO     14/08 02:25:41   Analysing record: 482
INFO     14/08 02:25:41   Detecting secondary metabolite clusters
DEBUG    14/08 02:25:41   Checking if antismash.detection.hmm_detection should be run
INFO     14/08 02:25:41   Running antismash.detection.hmm_detection
INFO     14/08 02:25:41   HMM detection using strictness: relaxed
DEBUG    14/08 02:25:47   1 rule-based cluster(s) found in record
DEBUG    14/08 02:25:47   1 protoclusters found
DEBUG    14/08 02:25:47   0 subregions found
INFO     14/08 02:25:47   1 region(s) detected in record
DEBUG    14/08 02:25:47   Checking if antismash.detection.cluster_hmmer should be run
INFO     14/08 02:25:47   Running antismash.detection.cluster_hmmer
INFO     14/08 02:25:47   Running cluster PFAM search
DEBUG    14/08 02:25:57   Adding detection results from antismash.detection.cluster_hmmer to record
DEBUG    14/08 02:25:57   Checking if antismash.detection.genefunctions should be run
INFO     14/08 02:25:57   Running antismash.detection.genefunctions
DEBUG    14/08 02:25:58   Adding detection results from antismash.detection.genefunctions to record
DEBUG    14/08 02:25:58   annotating CDS features with extras info: 0 CDSes
DEBUG    14/08 02:25:58   annotating CDS features with halogenases info: 0 CDSes
DEBUG    14/08 02:25:58   annotating CDS features with MITE info: 0 CDSes
DEBUG    14/08 02:25:58   annotating CDS features with resist info: 0 CDSes
DEBUG    14/08 02:25:58   annotating CDS features with smcogs info: 5 CDSes
DEBUG    14/08 02:25:58   Checking if antismash.detection.nrps_pks_domains should be run
INFO     14/08 02:25:58   Running antismash.detection.nrps_pks_domains
DEBUG    14/08 02:25:58   Marking NRPS/PKS CDS features and domains in clusters
DEBUG    14/08 02:25:58   Adding detection results from antismash.detection.nrps_pks_domains to record
DEBUG    14/08 02:25:58   Checking if antismash.detection.tigrfam should be run
INFO     14/08 02:25:58   Running antismash.detection.tigrfam
INFO     14/08 02:25:58   Running TIGRFam search
DEBUG    14/08 02:26:01   Adding detection results from antismash.detection.tigrfam to record
DEBUG    14/08 02:26:01   Checking if antismash.modules.active_site_finder should be run
INFO     14/08 02:26:01   Running antismash.modules.active_site_finder
DEBUG    14/08 02:26:01   Checking if antismash.modules.cluster_compare should be run
INFO     14/08 02:26:01   Running antismash.modules.cluster_compare
DEBUG    14/08 02:26:01   Loading comparison database: MIBiG
DEBUG    14/08 02:26:01   Comparison database loaded
INFO     14/08 02:26:01   Comparing regions to reference database
DEBUG    14/08 02:26:04   Checking if antismash.modules.clusterblast should be run
INFO     14/08 02:26:04   Running antismash.modules.clusterblast
INFO     14/08 02:26:04   Running ClusterBlast
INFO     14/08 02:26:04   ClusterBlast: Loading gene cluster database into memory...
INFO     14/08 02:26:07   ClusterBlast: Loading gene cluster database proteins into memory...
INFO     14/08 02:26:47   Comparing regions to reference database
INFO     14/08 02:27:33   Running subcluster search
INFO     14/08 02:27:33   SubClusterBlast: Loading gene cluster database into memory...
INFO     14/08 02:27:33   SubClusterBlast: Loading gene cluster database proteins into memory...
INFO     14/08 02:27:35   Running known cluster search
INFO     14/08 02:27:35   KnownClusterBlast: Loading gene cluster database into memory...
INFO     14/08 02:27:35   KnownClusterBlast: Loading gene cluster database proteins into memory...
DEBUG    14/08 02:27:35   Running DIAMOND knowncluster searches..
INFO     14/08 02:27:35   Comparing regions to reference database
DEBUG    14/08 02:27:42   Checking if antismash.modules.lanthipeptides should be run
INFO     14/08 02:27:42   Running antismash.modules.lanthipeptides
DEBUG    14/08 02:27:42   Lanthipeptide module marked 0 motifs
DEBUG    14/08 02:27:42   Checking if antismash.modules.lassopeptides should be run
INFO     14/08 02:27:42   Running antismash.modules.lassopeptides
DEBUG    14/08 02:27:42   Lassopeptide module marked 0 motifs
DEBUG    14/08 02:27:42   Checking if antismash.modules.nrps_pks should be run
INFO     14/08 02:27:42   Running antismash.modules.nrps_pks
INFO     14/08 02:27:42   Predicting A domain substrate specificities with nrpys
INFO     14/08 02:27:42   Predicting NRPS C domain activity using active site motifs
DEBUG    14/08 02:27:42   CandidateCluster 1 monomer ordering method: colinear
DEBUG    14/08 02:27:42   Checking if antismash.modules.pfam2go should be run
INFO     14/08 02:27:42   Running antismash.modules.pfam2go
DEBUG    14/08 02:27:42   Checking if antismash.modules.rrefinder should be run
INFO     14/08 02:27:42   Running antismash.modules.rrefinder
DEBUG    14/08 02:27:42   Checking if antismash.modules.sactipeptides should be run
INFO     14/08 02:27:42   Running antismash.modules.sactipeptides
DEBUG    14/08 02:27:42   Found no sactipeptide motifs
DEBUG    14/08 02:27:42   Checking if antismash.modules.t2pks should be run
INFO     14/08 02:27:42   Running antismash.modules.t2pks
DEBUG    14/08 02:27:42   No type II PKS clusters to analyze
DEBUG    14/08 02:27:42   Checking if antismash.modules.terpene should be run
INFO     14/08 02:27:42   Running antismash.modules.terpene
DEBUG    14/08 02:27:42   No terpene clusters to analyse
DEBUG    14/08 02:27:42   Checking if antismash.modules.thiopeptides should be run
INFO     14/08 02:27:42   Running antismash.modules.thiopeptides
DEBUG    14/08 02:27:42   Thiopeptides marked 0 motifs
DEBUG    14/08 02:27:43   Checking if antismash.modules.tta should be run
INFO     14/08 02:27:43   Running antismash.modules.tta
INFO     14/08 02:27:43   Skipping TTA codon detection, GC content too low: 49%
INFO     14/08 02:27:43   Analysing record: 485
INFO     14/08 02:27:43   Detecting secondary metabolite clusters
DEBUG    14/08 02:27:43   Checking if antismash.detection.hmm_detection should be run
INFO     14/08 02:27:43   Running antismash.detection.hmm_detection
INFO     14/08 02:27:43   HMM detection using strictness: relaxed
DEBUG    14/08 02:27:50   7 rule-based cluster(s) found in record
DEBUG    14/08 02:27:50   7 protoclusters found
DEBUG    14/08 02:27:50   0 subregions found
INFO     14/08 02:27:50   4 region(s) detected in record
DEBUG    14/08 02:27:50   Checking if antismash.detection.cluster_hmmer should be run
INFO     14/08 02:27:50   Running antismash.detection.cluster_hmmer
INFO     14/08 02:27:50   Running cluster PFAM search
DEBUG    14/08 02:28:29   Adding detection results from antismash.detection.cluster_hmmer to record
DEBUG    14/08 02:28:29   Checking if antismash.detection.genefunctions should be run
INFO     14/08 02:28:29   Running antismash.detection.genefunctions
DEBUG    14/08 02:28:34   Adding detection results from antismash.detection.genefunctions to record
DEBUG    14/08 02:28:34   annotating CDS features with extras info: 0 CDSes
DEBUG    14/08 02:28:34   annotating CDS features with halogenases info: 0 CDSes
DEBUG    14/08 02:28:34   annotating CDS features with MITE info: 0 CDSes
DEBUG    14/08 02:28:34   annotating CDS features with resist info: 0 CDSes
DEBUG    14/08 02:28:34   annotating CDS features with smcogs info: 26 CDSes
DEBUG    14/08 02:28:34   Checking if antismash.detection.nrps_pks_domains should be run
INFO     14/08 02:28:34   Running antismash.detection.nrps_pks_domains
DEBUG    14/08 02:28:34   Marking NRPS/PKS CDS features and domains in clusters
DEBUG    14/08 02:28:35   Adding detection results from antismash.detection.nrps_pks_domains to record
DEBUG    14/08 02:28:35   Checking if antismash.detection.tigrfam should be run
INFO     14/08 02:28:35   Running antismash.detection.tigrfam
INFO     14/08 02:28:35   Running TIGRFam search
DEBUG    14/08 02:28:47   Adding detection results from antismash.detection.tigrfam to record
DEBUG    14/08 02:28:47   Checking if antismash.modules.active_site_finder should be run
INFO     14/08 02:28:47   Running antismash.modules.active_site_finder
DEBUG    14/08 02:28:47   Checking if antismash.modules.cluster_compare should be run
INFO     14/08 02:28:47   Running antismash.modules.cluster_compare
DEBUG    14/08 02:28:47   Loading comparison database: MIBiG
DEBUG    14/08 02:28:47   Comparison database loaded
INFO     14/08 02:28:47   Comparing regions to reference database
DEBUG    14/08 02:28:52   Checking if antismash.modules.clusterblast should be run
INFO     14/08 02:28:52   Running antismash.modules.clusterblast
INFO     14/08 02:28:52   Running ClusterBlast
INFO     14/08 02:28:52   ClusterBlast: Loading gene cluster database into memory...
INFO     14/08 02:28:54   ClusterBlast: Loading gene cluster database proteins into memory...
INFO     14/08 02:29:35   Comparing regions to reference database
INFO     14/08 02:30:19   Running subcluster search
INFO     14/08 02:30:19   SubClusterBlast: Loading gene cluster database into memory...
INFO     14/08 02:30:19   SubClusterBlast: Loading gene cluster database proteins into memory...
INFO     14/08 02:30:23   Running known cluster search
INFO     14/08 02:30:23   KnownClusterBlast: Loading gene cluster database into memory...
INFO     14/08 02:30:23   KnownClusterBlast: Loading gene cluster database proteins into memory...
DEBUG    14/08 02:30:24   Running DIAMOND knowncluster searches..
INFO     14/08 02:30:24   Comparing regions to reference database
DEBUG    14/08 02:30:30   Checking if antismash.modules.lanthipeptides should be run
INFO     14/08 02:30:30   Running antismash.modules.lanthipeptides
DEBUG    14/08 02:30:30   Lanthipeptide module marked 0 motifs
DEBUG    14/08 02:30:30   Checking if antismash.modules.lassopeptides should be run
INFO     14/08 02:30:30   Running antismash.modules.lassopeptides
DEBUG    14/08 02:30:30   Lassopeptide module marked 0 motifs
DEBUG    14/08 02:30:30   Checking if antismash.modules.nrps_pks should be run
INFO     14/08 02:30:30   Running antismash.modules.nrps_pks
INFO     14/08 02:30:30   Predicting A domain substrate specificities with nrpys
INFO     14/08 02:30:30   Predicting NRPS C domain activity using active site motifs
INFO     14/08 02:30:31   Predicting PKS AT domain substrate specificities by Yadav et al. PKS signature sequences
INFO     14/08 02:30:31   Predicting PKS AT domain substrate specificities by Minowa et al. method
INFO     14/08 02:30:32   Predicting CAL domain substrate specificities by Minowa et al. method
INFO     14/08 02:30:32   Predicting PKS KR activity and stereochemistry using KR fingerprints from Starcevic et al.
DEBUG    14/08 02:30:32   CandidateCluster 1 monomer ordering method: colinear
DEBUG    14/08 02:30:32   CandidateCluster 4 monomer ordering method: colinear
DEBUG    14/08 02:30:32   CandidateCluster 6 monomer ordering method: colinear
DEBUG    14/08 02:30:32   CandidateCluster 7 monomer ordering method: colinear
DEBUG    14/08 02:30:32   Checking if antismash.modules.pfam2go should be run
INFO     14/08 02:30:32   Running antismash.modules.pfam2go
DEBUG    14/08 02:30:32   Checking if antismash.modules.rrefinder should be run
INFO     14/08 02:30:32   Running antismash.modules.rrefinder
DEBUG    14/08 02:30:32   Checking if antismash.modules.sactipeptides should be run
INFO     14/08 02:30:32   Running antismash.modules.sactipeptides
DEBUG    14/08 02:30:32   Found no sactipeptide motifs
DEBUG    14/08 02:30:32   Checking if antismash.modules.t2pks should be run
INFO     14/08 02:30:32   Running antismash.modules.t2pks
DEBUG    14/08 02:30:32   No type II PKS clusters to analyze
DEBUG    14/08 02:30:32   Checking if antismash.modules.terpene should be run
INFO     14/08 02:30:32   Running antismash.modules.terpene
INFO     14/08 02:30:32   Analysing terpene clusters
DEBUG    14/08 02:30:32   Checking if antismash.modules.thiopeptides should be run
INFO     14/08 02:30:32   Running antismash.modules.thiopeptides
DEBUG    14/08 02:30:32   Thiopeptides marked 0 motifs
DEBUG    14/08 02:30:33   Checking if antismash.modules.tta should be run
INFO     14/08 02:30:33   Running antismash.modules.tta
INFO     14/08 02:30:33   Skipping TTA codon detection, GC content too low: 49%
INFO     14/08 02:30:33   Analysing record: 486
INFO     14/08 02:30:33   Detecting secondary metabolite clusters
DEBUG    14/08 02:30:33   Checking if antismash.detection.hmm_detection should be run
INFO     14/08 02:30:33   Running antismash.detection.hmm_detection
INFO     14/08 02:30:33   HMM detection using strictness: relaxed
DEBUG    14/08 02:30:40   4 rule-based cluster(s) found in record
DEBUG    14/08 02:30:40   4 protoclusters found
DEBUG    14/08 02:30:40   0 subregions found
INFO     14/08 02:30:40   3 region(s) detected in record
DEBUG    14/08 02:30:40   Checking if antismash.detection.cluster_hmmer should be run
INFO     14/08 02:30:40   Running antismash.detection.cluster_hmmer
INFO     14/08 02:30:40   Running cluster PFAM search
DEBUG    14/08 02:31:07   Adding detection results from antismash.detection.cluster_hmmer to record
DEBUG    14/08 02:31:07   Checking if antismash.detection.genefunctions should be run
INFO     14/08 02:31:07   Running antismash.detection.genefunctions
DEBUG    14/08 02:31:11   Adding detection results from antismash.detection.genefunctions to record
DEBUG    14/08 02:31:11   annotating CDS features with extras info: 0 CDSes
DEBUG    14/08 02:31:11   annotating CDS features with halogenases info: 0 CDSes
DEBUG    14/08 02:31:11   annotating CDS features with MITE info: 0 CDSes
DEBUG    14/08 02:31:11   annotating CDS features with resist info: 0 CDSes
DEBUG    14/08 02:31:11   annotating CDS features with smcogs info: 14 CDSes
DEBUG    14/08 02:31:11   Checking if antismash.detection.nrps_pks_domains should be run
INFO     14/08 02:31:11   Running antismash.detection.nrps_pks_domains
DEBUG    14/08 02:31:11   Marking NRPS/PKS CDS features and domains in clusters
DEBUG    14/08 02:31:12   Adding detection results from antismash.detection.nrps_pks_domains to record
DEBUG    14/08 02:31:12   Checking if antismash.detection.tigrfam should be run
INFO     14/08 02:31:12   Running antismash.detection.tigrfam
INFO     14/08 02:31:12   Running TIGRFam search
DEBUG    14/08 02:31:20   Adding detection results from antismash.detection.tigrfam to record
DEBUG    14/08 02:31:20   Checking if antismash.modules.active_site_finder should be run
INFO     14/08 02:31:20   Running antismash.modules.active_site_finder
DEBUG    14/08 02:31:20   Checking if antismash.modules.cluster_compare should be run
INFO     14/08 02:31:20   Running antismash.modules.cluster_compare
DEBUG    14/08 02:31:20   Loading comparison database: MIBiG
DEBUG    14/08 02:31:20   Comparison database loaded
INFO     14/08 02:31:20   Comparing regions to reference database
DEBUG    14/08 02:31:24   Checking if antismash.modules.clusterblast should be run
INFO     14/08 02:31:24   Running antismash.modules.clusterblast
INFO     14/08 02:31:24   Running ClusterBlast
INFO     14/08 02:31:24   ClusterBlast: Loading gene cluster database into memory...
INFO     14/08 02:31:27   ClusterBlast: Loading gene cluster database proteins into memory...
INFO     14/08 02:32:05   Comparing regions to reference database
INFO     14/08 02:32:39   Running subcluster search
INFO     14/08 02:32:39   SubClusterBlast: Loading gene cluster database into memory...
INFO     14/08 02:32:39   SubClusterBlast: Loading gene cluster database proteins into memory...
INFO     14/08 02:32:42   Running known cluster search
INFO     14/08 02:32:42   KnownClusterBlast: Loading gene cluster database into memory...
INFO     14/08 02:32:42   KnownClusterBlast: Loading gene cluster database proteins into memory...
DEBUG    14/08 02:32:42   Running DIAMOND knowncluster searches..
INFO     14/08 02:32:42   Comparing regions to reference database
DEBUG    14/08 02:32:48   Checking if antismash.modules.lanthipeptides should be run
INFO     14/08 02:32:48   Running antismash.modules.lanthipeptides
DEBUG    14/08 02:32:48   Lanthipeptide module marked 0 motifs
DEBUG    14/08 02:32:48   Checking if antismash.modules.lassopeptides should be run
INFO     14/08 02:32:48   Running antismash.modules.lassopeptides
DEBUG    14/08 02:32:48   Lassopeptide module marked 0 motifs
DEBUG    14/08 02:32:48   Checking if antismash.modules.nrps_pks should be run
INFO     14/08 02:32:48   Running antismash.modules.nrps_pks
INFO     14/08 02:32:48   Predicting A domain substrate specificities with nrpys
INFO     14/08 02:32:48   Predicting NRPS C domain activity using active site motifs
INFO     14/08 02:32:48   Predicting PKS AT domain substrate specificities by Yadav et al. PKS signature sequences
INFO     14/08 02:32:49   Predicting PKS AT domain substrate specificities by Minowa et al. method
INFO     14/08 02:32:50   Predicting CAL domain substrate specificities by Minowa et al. method
INFO     14/08 02:32:50   Predicting PKS KR activity and stereochemistry using KR fingerprints from Starcevic et al.
DEBUG    14/08 02:32:51   CandidateCluster 1 monomer ordering method: colinear
DEBUG    14/08 02:32:51   CandidateCluster 2 monomer ordering method: colinear
DEBUG    14/08 02:32:51   CandidateCluster 3 monomer ordering method: domain docking analysis
DEBUG    14/08 02:32:51   CandidateCluster 4 monomer ordering method: colinear
DEBUG    14/08 02:32:51   CandidateCluster 5 monomer ordering method: domain docking analysis
DEBUG    14/08 02:32:51   Checking if antismash.modules.pfam2go should be run
INFO     14/08 02:32:51   Running antismash.modules.pfam2go
DEBUG    14/08 02:32:51   Checking if antismash.modules.rrefinder should be run
INFO     14/08 02:32:51   Running antismash.modules.rrefinder
DEBUG    14/08 02:32:51   Checking if antismash.modules.sactipeptides should be run
INFO     14/08 02:32:51   Running antismash.modules.sactipeptides
DEBUG    14/08 02:32:51   Found no sactipeptide motifs
DEBUG    14/08 02:32:51   Checking if antismash.modules.t2pks should be run
INFO     14/08 02:32:51   Running antismash.modules.t2pks
DEBUG    14/08 02:32:51   No type II PKS clusters to analyze
DEBUG    14/08 02:32:51   Checking if antismash.modules.terpene should be run
INFO     14/08 02:32:51   Running antismash.modules.terpene
DEBUG    14/08 02:32:51   No terpene clusters to analyse
DEBUG    14/08 02:32:51   Checking if antismash.modules.thiopeptides should be run
INFO     14/08 02:32:51   Running antismash.modules.thiopeptides
DEBUG    14/08 02:32:51   Thiopeptides marked 0 motifs
DEBUG    14/08 02:32:51   Checking if antismash.modules.tta should be run
INFO     14/08 02:32:51   Running antismash.modules.tta
INFO     14/08 02:32:51   Skipping TTA codon detection, GC content too low: 49%
INFO     14/08 02:32:51   Analysing record: 497
INFO     14/08 02:32:51   Detecting secondary metabolite clusters
DEBUG    14/08 02:32:51   Checking if antismash.detection.hmm_detection should be run
INFO     14/08 02:32:51   Running antismash.detection.hmm_detection
INFO     14/08 02:32:51   HMM detection using strictness: relaxed
DEBUG    14/08 02:32:56   1 rule-based cluster(s) found in record
DEBUG    14/08 02:32:56   1 protoclusters found
DEBUG    14/08 02:32:56   0 subregions found
INFO     14/08 02:32:56   1 region(s) detected in record
DEBUG    14/08 02:32:56   Checking if antismash.detection.cluster_hmmer should be run
INFO     14/08 02:32:56   Running antismash.detection.cluster_hmmer
INFO     14/08 02:32:56   Running cluster PFAM search
DEBUG    14/08 02:33:00   Adding detection results from antismash.detection.cluster_hmmer to record
DEBUG    14/08 02:33:00   Checking if antismash.detection.genefunctions should be run
INFO     14/08 02:33:00   Running antismash.detection.genefunctions
DEBUG    14/08 02:33:01   Adding detection results from antismash.detection.genefunctions to record
DEBUG    14/08 02:33:01   annotating CDS features with extras info: 0 CDSes
DEBUG    14/08 02:33:01   annotating CDS features with halogenases info: 0 CDSes
DEBUG    14/08 02:33:01   annotating CDS features with MITE info: 0 CDSes
DEBUG    14/08 02:33:01   annotating CDS features with resist info: 0 CDSes
DEBUG    14/08 02:33:01   annotating CDS features with smcogs info: 1 CDSes
DEBUG    14/08 02:33:01   Checking if antismash.detection.nrps_pks_domains should be run
INFO     14/08 02:33:01   Running antismash.detection.nrps_pks_domains
DEBUG    14/08 02:33:01   Marking NRPS/PKS CDS features and domains in clusters
DEBUG    14/08 02:33:01   Adding detection results from antismash.detection.nrps_pks_domains to record
DEBUG    14/08 02:33:01   Checking if antismash.detection.tigrfam should be run
INFO     14/08 02:33:01   Running antismash.detection.tigrfam
INFO     14/08 02:33:01   Running TIGRFam search
DEBUG    14/08 02:33:02   Adding detection results from antismash.detection.tigrfam to record
DEBUG    14/08 02:33:02   Checking if antismash.modules.active_site_finder should be run
INFO     14/08 02:33:02   Running antismash.modules.active_site_finder
DEBUG    14/08 02:33:02   Checking if antismash.modules.cluster_compare should be run
INFO     14/08 02:33:02   Running antismash.modules.cluster_compare
DEBUG    14/08 02:33:02   Loading comparison database: MIBiG
DEBUG    14/08 02:33:02   Comparison database loaded
INFO     14/08 02:33:02   Comparing regions to reference database
DEBUG    14/08 02:33:04   Checking if antismash.modules.clusterblast should be run
INFO     14/08 02:33:04   Running antismash.modules.clusterblast
INFO     14/08 02:33:04   Running ClusterBlast
INFO     14/08 02:33:04   ClusterBlast: Loading gene cluster database into memory...
INFO     14/08 02:33:08   ClusterBlast: Loading gene cluster database proteins into memory...
INFO     14/08 02:33:51   Comparing regions to reference database
INFO     14/08 02:34:14   Running subcluster search
INFO     14/08 02:34:14   SubClusterBlast: Loading gene cluster database into memory...
INFO     14/08 02:34:14   SubClusterBlast: Loading gene cluster database proteins into memory...
INFO     14/08 02:34:15   Running known cluster search
INFO     14/08 02:34:15   KnownClusterBlast: Loading gene cluster database into memory...
INFO     14/08 02:34:15   KnownClusterBlast: Loading gene cluster database proteins into memory...
DEBUG    14/08 02:34:15   Running DIAMOND knowncluster searches..
INFO     14/08 02:34:15   Comparing regions to reference database
DEBUG    14/08 02:34:20   Checking if antismash.modules.lanthipeptides should be run
INFO     14/08 02:34:20   Running antismash.modules.lanthipeptides
DEBUG    14/08 02:34:20   Lanthipeptide module marked 0 motifs
DEBUG    14/08 02:34:20   Checking if antismash.modules.lassopeptides should be run
INFO     14/08 02:34:20   Running antismash.modules.lassopeptides
DEBUG    14/08 02:34:21   Lassopeptide module marked 0 motifs
DEBUG    14/08 02:34:21   Checking if antismash.modules.nrps_pks should be run
INFO     14/08 02:34:21   Running antismash.modules.nrps_pks
DEBUG    14/08 02:34:21   No NRPS or PKS genes found, skipping analysis
DEBUG    14/08 02:34:21   Checking if antismash.modules.pfam2go should be run
INFO     14/08 02:34:21   Running antismash.modules.pfam2go
DEBUG    14/08 02:34:21   Checking if antismash.modules.rrefinder should be run
INFO     14/08 02:34:21   Running antismash.modules.rrefinder
DEBUG    14/08 02:34:21   Checking if antismash.modules.sactipeptides should be run
INFO     14/08 02:34:21   Running antismash.modules.sactipeptides
DEBUG    14/08 02:34:21   Found no sactipeptide motifs
DEBUG    14/08 02:34:21   Checking if antismash.modules.t2pks should be run
INFO     14/08 02:34:21   Running antismash.modules.t2pks
DEBUG    14/08 02:34:21   No type II PKS clusters to analyze
DEBUG    14/08 02:34:21   Checking if antismash.modules.terpene should be run
INFO     14/08 02:34:21   Running antismash.modules.terpene
INFO     14/08 02:34:21   Analysing terpene clusters
DEBUG    14/08 02:34:21   Checking if antismash.modules.thiopeptides should be run
INFO     14/08 02:34:21   Running antismash.modules.thiopeptides
DEBUG    14/08 02:34:21   Thiopeptides marked 0 motifs
DEBUG    14/08 02:34:21   Checking if antismash.modules.tta should be run
INFO     14/08 02:34:21   Running antismash.modules.tta
INFO     14/08 02:34:21   Skipping TTA codon detection, GC content too low: 48%
INFO     14/08 02:34:21   Analysing record: 612
INFO     14/08 02:34:21   Detecting secondary metabolite clusters
DEBUG    14/08 02:34:21   Checking if antismash.detection.hmm_detection should be run
INFO     14/08 02:34:21   Running antismash.detection.hmm_detection
INFO     14/08 02:34:21   HMM detection using strictness: relaxed
DEBUG    14/08 02:34:25   0 rule-based cluster(s) found in record
DEBUG    14/08 02:34:25   0 protoclusters found
DEBUG    14/08 02:34:25   0 subregions found
INFO     14/08 02:34:25   No regions detected, skipping record
INFO     14/08 02:34:25   Analysing record: 614
INFO     14/08 02:34:25   Detecting secondary metabolite clusters
DEBUG    14/08 02:34:25   Checking if antismash.detection.hmm_detection should be run
INFO     14/08 02:34:25   Running antismash.detection.hmm_detection
INFO     14/08 02:34:25   HMM detection using strictness: relaxed
DEBUG    14/08 02:34:30   2 rule-based cluster(s) found in record
DEBUG    14/08 02:34:30   2 protoclusters found
DEBUG    14/08 02:34:30   0 subregions found
INFO     14/08 02:34:30   2 region(s) detected in record
DEBUG    14/08 02:34:30   Checking if antismash.detection.cluster_hmmer should be run
INFO     14/08 02:34:30   Running antismash.detection.cluster_hmmer
INFO     14/08 02:34:30   Running cluster PFAM search
DEBUG    14/08 02:34:47   Adding detection results from antismash.detection.cluster_hmmer to record
DEBUG    14/08 02:34:47   Checking if antismash.detection.genefunctions should be run
INFO     14/08 02:34:47   Running antismash.detection.genefunctions
DEBUG    14/08 02:34:49   Adding detection results from antismash.detection.genefunctions to record
DEBUG    14/08 02:34:49   annotating CDS features with extras info: 0 CDSes
DEBUG    14/08 02:34:49   annotating CDS features with halogenases info: 0 CDSes
DEBUG    14/08 02:34:49   annotating CDS features with MITE info: 0 CDSes
DEBUG    14/08 02:34:49   annotating CDS features with resist info: 1 CDSes
DEBUG    14/08 02:34:49   annotating CDS features with smcogs info: 11 CDSes
DEBUG    14/08 02:34:49   Checking if antismash.detection.nrps_pks_domains should be run
INFO     14/08 02:34:49   Running antismash.detection.nrps_pks_domains
DEBUG    14/08 02:34:49   Marking NRPS/PKS CDS features and domains in clusters
DEBUG    14/08 02:34:50   Adding detection results from antismash.detection.nrps_pks_domains to record
DEBUG    14/08 02:34:50   Checking if antismash.detection.tigrfam should be run
INFO     14/08 02:34:50   Running antismash.detection.tigrfam
INFO     14/08 02:34:50   Running TIGRFam search
DEBUG    14/08 02:34:55   Adding detection results from antismash.detection.tigrfam to record
DEBUG    14/08 02:34:55   Checking if antismash.modules.active_site_finder should be run
INFO     14/08 02:34:55   Running antismash.modules.active_site_finder
DEBUG    14/08 02:34:55   Checking if antismash.modules.cluster_compare should be run
INFO     14/08 02:34:55   Running antismash.modules.cluster_compare
DEBUG    14/08 02:34:55   Loading comparison database: MIBiG
DEBUG    14/08 02:34:55   Comparison database loaded
INFO     14/08 02:34:55   Comparing regions to reference database
DEBUG    14/08 02:34:59   Checking if antismash.modules.clusterblast should be run
INFO     14/08 02:34:59   Running antismash.modules.clusterblast
INFO     14/08 02:34:59   Running ClusterBlast
INFO     14/08 02:34:59   ClusterBlast: Loading gene cluster database into memory...
INFO     14/08 02:35:01   ClusterBlast: Loading gene cluster database proteins into memory...
INFO     14/08 02:35:43   Comparing regions to reference database
INFO     14/08 02:36:20   Running subcluster search
INFO     14/08 02:36:20   SubClusterBlast: Loading gene cluster database into memory...
INFO     14/08 02:36:20   SubClusterBlast: Loading gene cluster database proteins into memory...
INFO     14/08 02:36:22   Running known cluster search
INFO     14/08 02:36:22   KnownClusterBlast: Loading gene cluster database into memory...
INFO     14/08 02:36:22   KnownClusterBlast: Loading gene cluster database proteins into memory...
DEBUG    14/08 02:36:23   Running DIAMOND knowncluster searches..
INFO     14/08 02:36:23   Comparing regions to reference database
DEBUG    14/08 02:36:28   Checking if antismash.modules.lanthipeptides should be run
INFO     14/08 02:36:28   Running antismash.modules.lanthipeptides
DEBUG    14/08 02:36:28   Lanthipeptide module marked 0 motifs
DEBUG    14/08 02:36:28   Checking if antismash.modules.lassopeptides should be run
INFO     14/08 02:36:28   Running antismash.modules.lassopeptides
DEBUG    14/08 02:36:29   Lassopeptide module marked 0 motifs
DEBUG    14/08 02:36:29   Checking if antismash.modules.nrps_pks should be run
INFO     14/08 02:36:29   Running antismash.modules.nrps_pks
INFO     14/08 02:36:29   Predicting A domain substrate specificities with nrpys
INFO     14/08 02:36:29   Predicting NRPS C domain activity using active site motifs
INFO     14/08 02:36:29   Predicting PKS AT domain substrate specificities by Yadav et al. PKS signature sequences
INFO     14/08 02:36:29   Predicting PKS AT domain substrate specificities by Minowa et al. method
INFO     14/08 02:36:30   Predicting CAL domain substrate specificities by Minowa et al. method
INFO     14/08 02:36:30   Predicting PKS KR activity and stereochemistry using KR fingerprints from Starcevic et al.
DEBUG    14/08 02:36:30   CandidateCluster 2 monomer ordering method: colinear
DEBUG    14/08 02:36:30   Checking if antismash.modules.pfam2go should be run
INFO     14/08 02:36:30   Running antismash.modules.pfam2go
DEBUG    14/08 02:36:30   Checking if antismash.modules.rrefinder should be run
INFO     14/08 02:36:30   Running antismash.modules.rrefinder
DEBUG    14/08 02:36:30   Checking if antismash.modules.sactipeptides should be run
INFO     14/08 02:36:30   Running antismash.modules.sactipeptides
DEBUG    14/08 02:36:30   Found no sactipeptide motifs
DEBUG    14/08 02:36:30   Checking if antismash.modules.t2pks should be run
INFO     14/08 02:36:30   Running antismash.modules.t2pks
DEBUG    14/08 02:36:30   No type II PKS clusters to analyze
DEBUG    14/08 02:36:30   Checking if antismash.modules.terpene should be run
INFO     14/08 02:36:30   Running antismash.modules.terpene
INFO     14/08 02:36:30   Analysing terpene clusters
DEBUG    14/08 02:36:30   Checking if antismash.modules.thiopeptides should be run
INFO     14/08 02:36:30   Running antismash.modules.thiopeptides
DEBUG    14/08 02:36:30   Thiopeptides marked 0 motifs
DEBUG    14/08 02:36:30   Checking if antismash.modules.tta should be run
INFO     14/08 02:36:30   Running antismash.modules.tta
INFO     14/08 02:36:30   Skipping TTA codon detection, GC content too low: 48%
INFO     14/08 02:36:30   Analysing record: 618
INFO     14/08 02:36:30   Detecting secondary metabolite clusters
DEBUG    14/08 02:36:30   Checking if antismash.detection.hmm_detection should be run
INFO     14/08 02:36:30   Running antismash.detection.hmm_detection
INFO     14/08 02:36:30   HMM detection using strictness: relaxed
DEBUG    14/08 02:36:33   0 rule-based cluster(s) found in record
DEBUG    14/08 02:36:33   0 protoclusters found
DEBUG    14/08 02:36:33   0 subregions found
INFO     14/08 02:36:33   No regions detected, skipping record
INFO     14/08 02:36:33   Analysing record: 641
INFO     14/08 02:36:33   Detecting secondary metabolite clusters
DEBUG    14/08 02:36:33   Checking if antismash.detection.hmm_detection should be run
INFO     14/08 02:36:33   Running antismash.detection.hmm_detection
INFO     14/08 02:36:33   HMM detection using strictness: relaxed
DEBUG    14/08 02:36:37   3 rule-based cluster(s) found in record
DEBUG    14/08 02:36:37   3 protoclusters found
DEBUG    14/08 02:36:37   0 subregions found
INFO     14/08 02:36:37   3 region(s) detected in record
DEBUG    14/08 02:36:37   Checking if antismash.detection.cluster_hmmer should be run
INFO     14/08 02:36:37   Running antismash.detection.cluster_hmmer
INFO     14/08 02:36:37   Running cluster PFAM search
DEBUG    14/08 02:37:01   Adding detection results from antismash.detection.cluster_hmmer to record
DEBUG    14/08 02:37:01   Checking if antismash.detection.genefunctions should be run
INFO     14/08 02:37:01   Running antismash.detection.genefunctions
DEBUG    14/08 02:37:03   Adding detection results from antismash.detection.genefunctions to record
DEBUG    14/08 02:37:03   annotating CDS features with extras info: 0 CDSes
DEBUG    14/08 02:37:03   annotating CDS features with halogenases info: 0 CDSes
DEBUG    14/08 02:37:03   annotating CDS features with MITE info: 0 CDSes
DEBUG    14/08 02:37:03   annotating CDS features with resist info: 0 CDSes
DEBUG    14/08 02:37:03   annotating CDS features with smcogs info: 14 CDSes
DEBUG    14/08 02:37:03   Checking if antismash.detection.nrps_pks_domains should be run
INFO     14/08 02:37:03   Running antismash.detection.nrps_pks_domains
DEBUG    14/08 02:37:03   Marking NRPS/PKS CDS features and domains in clusters
DEBUG    14/08 02:37:04   Adding detection results from antismash.detection.nrps_pks_domains to record
DEBUG    14/08 02:37:04   Checking if antismash.detection.tigrfam should be run
INFO     14/08 02:37:04   Running antismash.detection.tigrfam
INFO     14/08 02:37:04   Running TIGRFam search
DEBUG    14/08 02:37:11   Adding detection results from antismash.detection.tigrfam to record
DEBUG    14/08 02:37:11   Checking if antismash.modules.active_site_finder should be run
INFO     14/08 02:37:11   Running antismash.modules.active_site_finder
DEBUG    14/08 02:37:12   Checking if antismash.modules.cluster_compare should be run
INFO     14/08 02:37:12   Running antismash.modules.cluster_compare
DEBUG    14/08 02:37:12   Loading comparison database: MIBiG
DEBUG    14/08 02:37:12   Comparison database loaded
INFO     14/08 02:37:12   Comparing regions to reference database
DEBUG    14/08 02:37:16   Checking if antismash.modules.clusterblast should be run
INFO     14/08 02:37:16   Running antismash.modules.clusterblast
INFO     14/08 02:37:16   Running ClusterBlast
INFO     14/08 02:37:16   ClusterBlast: Loading gene cluster database into memory...
INFO     14/08 02:37:18   ClusterBlast: Loading gene cluster database proteins into memory...
INFO     14/08 02:38:04   Comparing regions to reference database
INFO     14/08 02:38:41   Running subcluster search
INFO     14/08 02:38:41   SubClusterBlast: Loading gene cluster database into memory...
INFO     14/08 02:38:41   SubClusterBlast: Loading gene cluster database proteins into memory...
INFO     14/08 02:38:44   Running known cluster search
INFO     14/08 02:38:44   KnownClusterBlast: Loading gene cluster database into memory...
INFO     14/08 02:38:44   KnownClusterBlast: Loading gene cluster database proteins into memory...
DEBUG    14/08 02:38:45   Running DIAMOND knowncluster searches..
INFO     14/08 02:38:45   Comparing regions to reference database
DEBUG    14/08 02:38:53   Checking if antismash.modules.lanthipeptides should be run
INFO     14/08 02:38:53   Running antismash.modules.lanthipeptides
DEBUG    14/08 02:38:53   Lanthipeptide module marked 0 motifs
DEBUG    14/08 02:38:53   Checking if antismash.modules.lassopeptides should be run
INFO     14/08 02:38:53   Running antismash.modules.lassopeptides
DEBUG    14/08 02:38:53   Lassopeptide module marked 0 motifs
DEBUG    14/08 02:38:53   Checking if antismash.modules.nrps_pks should be run
INFO     14/08 02:38:53   Running antismash.modules.nrps_pks
INFO     14/08 02:38:53   Predicting A domain substrate specificities with nrpys
INFO     14/08 02:38:53   Predicting NRPS C domain activity using active site motifs
INFO     14/08 02:38:53   Predicting PKS AT domain substrate specificities by Yadav et al. PKS signature sequences
INFO     14/08 02:38:54   Predicting PKS AT domain substrate specificities by Minowa et al. method
INFO     14/08 02:38:55   Predicting CAL domain substrate specificities by Minowa et al. method
INFO     14/08 02:38:55   Predicting PKS KR activity and stereochemistry using KR fingerprints from Starcevic et al.
DEBUG    14/08 02:38:55   CandidateCluster 3 monomer ordering method: domain docking analysis
DEBUG    14/08 02:38:56   Checking if antismash.modules.pfam2go should be run
INFO     14/08 02:38:56   Running antismash.modules.pfam2go
DEBUG    14/08 02:38:56   Checking if antismash.modules.rrefinder should be run
INFO     14/08 02:38:56   Running antismash.modules.rrefinder
DEBUG    14/08 02:38:56   Checking if antismash.modules.sactipeptides should be run
INFO     14/08 02:38:56   Running antismash.modules.sactipeptides
DEBUG    14/08 02:38:56   Found no sactipeptide motifs
DEBUG    14/08 02:38:56   Checking if antismash.modules.t2pks should be run
INFO     14/08 02:38:56   Running antismash.modules.t2pks
DEBUG    14/08 02:38:56   No type II PKS clusters to analyze
DEBUG    14/08 02:38:56   Checking if antismash.modules.terpene should be run
INFO     14/08 02:38:56   Running antismash.modules.terpene
INFO     14/08 02:38:56   Analysing terpene clusters
DEBUG    14/08 02:38:56   Checking if antismash.modules.thiopeptides should be run
INFO     14/08 02:38:56   Running antismash.modules.thiopeptides
DEBUG    14/08 02:38:56   Thiopeptides marked 0 motifs
DEBUG    14/08 02:38:58   Checking if antismash.modules.tta should be run
INFO     14/08 02:38:58   Running antismash.modules.tta
INFO     14/08 02:38:58   Skipping TTA codon detection, GC content too low: 49%
INFO     14/08 02:38:58   Analysing record: 702
INFO     14/08 02:38:58   Detecting secondary metabolite clusters
DEBUG    14/08 02:38:58   Checking if antismash.detection.hmm_detection should be run
INFO     14/08 02:38:58   Running antismash.detection.hmm_detection
INFO     14/08 02:38:58   HMM detection using strictness: relaxed
DEBUG    14/08 02:39:05   3 rule-based cluster(s) found in record
DEBUG    14/08 02:39:05   3 protoclusters found
DEBUG    14/08 02:39:05   0 subregions found
INFO     14/08 02:39:05   2 region(s) detected in record
DEBUG    14/08 02:39:05   Checking if antismash.detection.cluster_hmmer should be run
INFO     14/08 02:39:05   Running antismash.detection.cluster_hmmer
INFO     14/08 02:39:05   Running cluster PFAM search
DEBUG    14/08 02:39:22   Adding detection results from antismash.detection.cluster_hmmer to record
DEBUG    14/08 02:39:22   Checking if antismash.detection.genefunctions should be run
INFO     14/08 02:39:22   Running antismash.detection.genefunctions
DEBUG    14/08 02:39:25   Adding detection results from antismash.detection.genefunctions to record
DEBUG    14/08 02:39:25   annotating CDS features with extras info: 1 CDSes
DEBUG    14/08 02:39:25   annotating CDS features with halogenases info: 0 CDSes
DEBUG    14/08 02:39:25   annotating CDS features with MITE info: 0 CDSes
DEBUG    14/08 02:39:25   annotating CDS features with resist info: 0 CDSes
DEBUG    14/08 02:39:25   annotating CDS features with smcogs info: 10 CDSes
DEBUG    14/08 02:39:25   Checking if antismash.detection.nrps_pks_domains should be run
INFO     14/08 02:39:25   Running antismash.detection.nrps_pks_domains
DEBUG    14/08 02:39:25   Marking NRPS/PKS CDS features and domains in clusters
DEBUG    14/08 02:39:27   Adding detection results from antismash.detection.nrps_pks_domains to record
DEBUG    14/08 02:39:27   Checking if antismash.detection.tigrfam should be run
INFO     14/08 02:39:27   Running antismash.detection.tigrfam
INFO     14/08 02:39:27   Running TIGRFam search
DEBUG    14/08 02:39:35   Adding detection results from antismash.detection.tigrfam to record
DEBUG    14/08 02:39:35   Checking if antismash.modules.active_site_finder should be run
INFO     14/08 02:39:35   Running antismash.modules.active_site_finder
DEBUG    14/08 02:39:35   Checking if antismash.modules.cluster_compare should be run
INFO     14/08 02:39:35   Running antismash.modules.cluster_compare
DEBUG    14/08 02:39:35   Loading comparison database: MIBiG
DEBUG    14/08 02:39:35   Comparison database loaded
INFO     14/08 02:39:35   Comparing regions to reference database
DEBUG    14/08 02:39:39   Checking if antismash.modules.clusterblast should be run
INFO     14/08 02:39:39   Running antismash.modules.clusterblast
INFO     14/08 02:39:39   Running ClusterBlast
INFO     14/08 02:39:39   ClusterBlast: Loading gene cluster database into memory...
INFO     14/08 02:39:42   ClusterBlast: Loading gene cluster database proteins into memory...
INFO     14/08 02:40:19   Comparing regions to reference database
INFO     14/08 02:41:36   Running subcluster search
INFO     14/08 02:41:36   SubClusterBlast: Loading gene cluster database into memory...
INFO     14/08 02:41:36   SubClusterBlast: Loading gene cluster database proteins into memory...
INFO     14/08 02:41:38   Running known cluster search
INFO     14/08 02:41:38   KnownClusterBlast: Loading gene cluster database into memory...
INFO     14/08 02:41:38   KnownClusterBlast: Loading gene cluster database proteins into memory...
DEBUG    14/08 02:41:39   Running DIAMOND knowncluster searches..
INFO     14/08 02:41:39   Comparing regions to reference database
DEBUG    14/08 02:41:46   Checking if antismash.modules.lanthipeptides should be run
INFO     14/08 02:41:46   Running antismash.modules.lanthipeptides
DEBUG    14/08 02:41:46   Lanthipeptide module marked 0 motifs
DEBUG    14/08 02:41:47   Checking if antismash.modules.lassopeptides should be run
INFO     14/08 02:41:47   Running antismash.modules.lassopeptides
DEBUG    14/08 02:41:47   Lassopeptide module marked 0 motifs
DEBUG    14/08 02:41:47   Checking if antismash.modules.nrps_pks should be run
INFO     14/08 02:41:47   Running antismash.modules.nrps_pks
INFO     14/08 02:41:47   Predicting A domain substrate specificities with nrpys
INFO     14/08 02:41:47   Predicting NRPS C domain activity using active site motifs
INFO     14/08 02:41:50   Predicting PKS AT domain substrate specificities by Yadav et al. PKS signature sequences
INFO     14/08 02:41:50   Predicting PKS AT domain substrate specificities by Minowa et al. method
INFO     14/08 02:41:51   Predicting CAL domain substrate specificities by Minowa et al. method
INFO     14/08 02:41:51   Predicting PKS KR activity and stereochemistry using KR fingerprints from Starcevic et al.
DEBUG    14/08 02:41:51   CandidateCluster 1 monomer ordering method: colinear
DEBUG    14/08 02:41:51   CandidateCluster 2 monomer ordering method: colinear
DEBUG    14/08 02:41:51   Checking if antismash.modules.pfam2go should be run
INFO     14/08 02:41:51   Running antismash.modules.pfam2go
DEBUG    14/08 02:41:51   Checking if antismash.modules.rrefinder should be run
INFO     14/08 02:41:51   Running antismash.modules.rrefinder
DEBUG    14/08 02:41:51   Checking if antismash.modules.sactipeptides should be run
INFO     14/08 02:41:51   Running antismash.modules.sactipeptides
DEBUG    14/08 02:41:51   Found no sactipeptide motifs
DEBUG    14/08 02:41:52   Checking if antismash.modules.t2pks should be run
INFO     14/08 02:41:52   Running antismash.modules.t2pks
DEBUG    14/08 02:41:52   No type II PKS clusters to analyze
DEBUG    14/08 02:41:52   Checking if antismash.modules.terpene should be run
INFO     14/08 02:41:52   Running antismash.modules.terpene
DEBUG    14/08 02:41:52   No terpene clusters to analyse
DEBUG    14/08 02:41:52   Checking if antismash.modules.thiopeptides should be run
INFO     14/08 02:41:52   Running antismash.modules.thiopeptides
DEBUG    14/08 02:41:52   Thiopeptides marked 0 motifs
DEBUG    14/08 02:41:52   Checking if antismash.modules.tta should be run
INFO     14/08 02:41:52   Running antismash.modules.tta
INFO     14/08 02:41:52   Skipping TTA codon detection, GC content too low: 48%
INFO     14/08 02:41:52   Analysing record: 703
INFO     14/08 02:41:52   Detecting secondary metabolite clusters
DEBUG    14/08 02:41:52   Checking if antismash.detection.hmm_detection should be run
INFO     14/08 02:41:52   Running antismash.detection.hmm_detection
INFO     14/08 02:41:52   HMM detection using strictness: relaxed
DEBUG    14/08 02:41:55   3 rule-based cluster(s) found in record
DEBUG    14/08 02:41:55   3 protoclusters found
DEBUG    14/08 02:41:55   0 subregions found
INFO     14/08 02:41:55   2 region(s) detected in record
DEBUG    14/08 02:41:55   Checking if antismash.detection.cluster_hmmer should be run
INFO     14/08 02:41:55   Running antismash.detection.cluster_hmmer
INFO     14/08 02:41:55   Running cluster PFAM search
DEBUG    14/08 02:42:10   Adding detection results from antismash.detection.cluster_hmmer to record
DEBUG    14/08 02:42:10   Checking if antismash.detection.genefunctions should be run
INFO     14/08 02:42:10   Running antismash.detection.genefunctions
DEBUG    14/08 02:42:12   Adding detection results from antismash.detection.genefunctions to record
DEBUG    14/08 02:42:12   annotating CDS features with extras info: 0 CDSes
DEBUG    14/08 02:42:12   annotating CDS features with halogenases info: 0 CDSes
DEBUG    14/08 02:42:12   annotating CDS features with MITE info: 0 CDSes
DEBUG    14/08 02:42:12   annotating CDS features with resist info: 0 CDSes
DEBUG    14/08 02:42:12   annotating CDS features with smcogs info: 11 CDSes
DEBUG    14/08 02:42:12   Checking if antismash.detection.nrps_pks_domains should be run
INFO     14/08 02:42:12   Running antismash.detection.nrps_pks_domains
DEBUG    14/08 02:42:12   Marking NRPS/PKS CDS features and domains in clusters
DEBUG    14/08 02:42:12   Adding detection results from antismash.detection.nrps_pks_domains to record
DEBUG    14/08 02:42:12   Checking if antismash.detection.tigrfam should be run
INFO     14/08 02:42:12   Running antismash.detection.tigrfam
INFO     14/08 02:42:12   Running TIGRFam search
DEBUG    14/08 02:42:17   Adding detection results from antismash.detection.tigrfam to record
DEBUG    14/08 02:42:17   Checking if antismash.modules.active_site_finder should be run
INFO     14/08 02:42:17   Running antismash.modules.active_site_finder
DEBUG    14/08 02:42:17   Checking if antismash.modules.cluster_compare should be run
INFO     14/08 02:42:17   Running antismash.modules.cluster_compare
DEBUG    14/08 02:42:17   Loading comparison database: MIBiG
DEBUG    14/08 02:42:17   Comparison database loaded
INFO     14/08 02:42:17   Comparing regions to reference database
DEBUG    14/08 02:42:21   Checking if antismash.modules.clusterblast should be run
INFO     14/08 02:42:21   Running antismash.modules.clusterblast
INFO     14/08 02:42:21   Running ClusterBlast
INFO     14/08 02:42:21   ClusterBlast: Loading gene cluster database into memory...
INFO     14/08 02:42:23   ClusterBlast: Loading gene cluster database proteins into memory...
INFO     14/08 02:43:05   Comparing regions to reference database
INFO     14/08 02:43:38   Running subcluster search
INFO     14/08 02:43:38   SubClusterBlast: Loading gene cluster database into memory...
INFO     14/08 02:43:38   SubClusterBlast: Loading gene cluster database proteins into memory...
INFO     14/08 02:43:40   Running known cluster search
INFO     14/08 02:43:40   KnownClusterBlast: Loading gene cluster database into memory...
INFO     14/08 02:43:40   KnownClusterBlast: Loading gene cluster database proteins into memory...
DEBUG    14/08 02:43:40   Running DIAMOND knowncluster searches..
INFO     14/08 02:43:40   Comparing regions to reference database
DEBUG    14/08 02:43:47   Checking if antismash.modules.lanthipeptides should be run
INFO     14/08 02:43:47   Running antismash.modules.lanthipeptides
DEBUG    14/08 02:43:47   Lanthipeptide module marked 0 motifs
DEBUG    14/08 02:43:47   Checking if antismash.modules.lassopeptides should be run
INFO     14/08 02:43:47   Running antismash.modules.lassopeptides
DEBUG    14/08 02:43:47   Lassopeptide module marked 0 motifs
DEBUG    14/08 02:43:47   Checking if antismash.modules.nrps_pks should be run
INFO     14/08 02:43:47   Running antismash.modules.nrps_pks
INFO     14/08 02:43:47   Predicting NRPS C domain activity using active site motifs
INFO     14/08 02:43:47   Predicting PKS AT domain substrate specificities by Yadav et al. PKS signature sequences
INFO     14/08 02:43:47   Predicting PKS AT domain substrate specificities by Minowa et al. method
INFO     14/08 02:43:48   Predicting CAL domain substrate specificities by Minowa et al. method
INFO     14/08 02:43:48   Predicting PKS KR activity and stereochemistry using KR fingerprints from Starcevic et al.
DEBUG    14/08 02:43:48   CandidateCluster 1 monomer ordering method: colinear
DEBUG    14/08 02:43:48   CandidateCluster 3 monomer ordering method: colinear
DEBUG    14/08 02:43:48   Checking if antismash.modules.pfam2go should be run
INFO     14/08 02:43:48   Running antismash.modules.pfam2go
DEBUG    14/08 02:43:48   Checking if antismash.modules.rrefinder should be run
INFO     14/08 02:43:48   Running antismash.modules.rrefinder
DEBUG    14/08 02:43:48   Checking if antismash.modules.sactipeptides should be run
INFO     14/08 02:43:48   Running antismash.modules.sactipeptides
DEBUG    14/08 02:43:48   Found no sactipeptide motifs
DEBUG    14/08 02:43:49   Checking if antismash.modules.t2pks should be run
INFO     14/08 02:43:49   Running antismash.modules.t2pks
DEBUG    14/08 02:43:49   No type II PKS clusters to analyze
DEBUG    14/08 02:43:49   Checking if antismash.modules.terpene should be run
INFO     14/08 02:43:49   Running antismash.modules.terpene
INFO     14/08 02:43:49   Analysing terpene clusters
DEBUG    14/08 02:43:49   Checking if antismash.modules.thiopeptides should be run
INFO     14/08 02:43:49   Running antismash.modules.thiopeptides
DEBUG    14/08 02:43:49   Thiopeptides marked 0 motifs
DEBUG    14/08 02:43:49   Checking if antismash.modules.tta should be run
INFO     14/08 02:43:49   Running antismash.modules.tta
INFO     14/08 02:43:49   Skipping TTA codon detection, GC content too low: 48%
INFO     14/08 02:43:49   Analysing record: 815
INFO     14/08 02:43:49   Detecting secondary metabolite clusters
DEBUG    14/08 02:43:49   Checking if antismash.detection.hmm_detection should be run
INFO     14/08 02:43:49   Running antismash.detection.hmm_detection
INFO     14/08 02:43:49   HMM detection using strictness: relaxed
DEBUG    14/08 02:43:53   2 rule-based cluster(s) found in record
DEBUG    14/08 02:43:53   2 protoclusters found
DEBUG    14/08 02:43:53   0 subregions found
INFO     14/08 02:43:53   1 region(s) detected in record
DEBUG    14/08 02:43:53   Checking if antismash.detection.cluster_hmmer should be run
INFO     14/08 02:43:53   Running antismash.detection.cluster_hmmer
INFO     14/08 02:43:53   Running cluster PFAM search
DEBUG    14/08 02:44:06   Adding detection results from antismash.detection.cluster_hmmer to record
DEBUG    14/08 02:44:06   Checking if antismash.detection.genefunctions should be run
INFO     14/08 02:44:06   Running antismash.detection.genefunctions
DEBUG    14/08 02:44:08   Adding detection results from antismash.detection.genefunctions to record
DEBUG    14/08 02:44:08   annotating CDS features with extras info: 0 CDSes
DEBUG    14/08 02:44:08   annotating CDS features with halogenases info: 0 CDSes
DEBUG    14/08 02:44:08   annotating CDS features with MITE info: 0 CDSes
DEBUG    14/08 02:44:08   annotating CDS features with resist info: 0 CDSes
DEBUG    14/08 02:44:08   annotating CDS features with smcogs info: 8 CDSes
DEBUG    14/08 02:44:08   Checking if antismash.detection.nrps_pks_domains should be run
INFO     14/08 02:44:08   Running antismash.detection.nrps_pks_domains
DEBUG    14/08 02:44:08   Marking NRPS/PKS CDS features and domains in clusters
DEBUG    14/08 02:44:08   Adding detection results from antismash.detection.nrps_pks_domains to record
DEBUG    14/08 02:44:08   Checking if antismash.detection.tigrfam should be run
INFO     14/08 02:44:08   Running antismash.detection.tigrfam
INFO     14/08 02:44:08   Running TIGRFam search
DEBUG    14/08 02:44:12   Adding detection results from antismash.detection.tigrfam to record
DEBUG    14/08 02:44:12   Checking if antismash.modules.active_site_finder should be run
INFO     14/08 02:44:12   Running antismash.modules.active_site_finder
DEBUG    14/08 02:44:12   Checking if antismash.modules.cluster_compare should be run
INFO     14/08 02:44:12   Running antismash.modules.cluster_compare
DEBUG    14/08 02:44:12   Loading comparison database: MIBiG
DEBUG    14/08 02:44:12   Comparison database loaded
INFO     14/08 02:44:12   Comparing regions to reference database
DEBUG    14/08 02:44:15   Checking if antismash.modules.clusterblast should be run
INFO     14/08 02:44:15   Running antismash.modules.clusterblast
INFO     14/08 02:44:15   Running ClusterBlast
INFO     14/08 02:44:15   ClusterBlast: Loading gene cluster database into memory...
INFO     14/08 02:44:21   ClusterBlast: Loading gene cluster database proteins into memory...
INFO     14/08 02:45:05   Comparing regions to reference database
INFO     14/08 02:45:38   Running subcluster search
INFO     14/08 02:45:38   SubClusterBlast: Loading gene cluster database into memory...
INFO     14/08 02:45:38   SubClusterBlast: Loading gene cluster database proteins into memory...
INFO     14/08 02:45:39   Running known cluster search
INFO     14/08 02:45:39   KnownClusterBlast: Loading gene cluster database into memory...
INFO     14/08 02:45:39   KnownClusterBlast: Loading gene cluster database proteins into memory...
DEBUG    14/08 02:45:39   Running DIAMOND knowncluster searches..
INFO     14/08 02:45:39   Comparing regions to reference database
DEBUG    14/08 02:45:45   Checking if antismash.modules.lanthipeptides should be run
INFO     14/08 02:45:45   Running antismash.modules.lanthipeptides
DEBUG    14/08 02:45:45   Lanthipeptide module marked 0 motifs
DEBUG    14/08 02:45:45   Checking if antismash.modules.lassopeptides should be run
INFO     14/08 02:45:45   Running antismash.modules.lassopeptides
DEBUG    14/08 02:45:45   Lassopeptide module marked 0 motifs
DEBUG    14/08 02:45:45   Checking if antismash.modules.nrps_pks should be run
INFO     14/08 02:45:45   Running antismash.modules.nrps_pks
INFO     14/08 02:45:45   Predicting A domain substrate specificities with nrpys
INFO     14/08 02:45:45   Predicting NRPS C domain activity using active site motifs
DEBUG    14/08 02:45:45   CandidateCluster 1 monomer ordering method: colinear
DEBUG    14/08 02:45:45   CandidateCluster 3 monomer ordering method: colinear
DEBUG    14/08 02:45:45   Checking if antismash.modules.pfam2go should be run
INFO     14/08 02:45:45   Running antismash.modules.pfam2go
DEBUG    14/08 02:45:45   Checking if antismash.modules.rrefinder should be run
INFO     14/08 02:45:45   Running antismash.modules.rrefinder
DEBUG    14/08 02:45:45   Checking if antismash.modules.sactipeptides should be run
INFO     14/08 02:45:45   Running antismash.modules.sactipeptides
DEBUG    14/08 02:45:45   Found no sactipeptide motifs
DEBUG    14/08 02:45:45   Checking if antismash.modules.t2pks should be run
INFO     14/08 02:45:45   Running antismash.modules.t2pks
DEBUG    14/08 02:45:45   No type II PKS clusters to analyze
DEBUG    14/08 02:45:45   Checking if antismash.modules.terpene should be run
INFO     14/08 02:45:45   Running antismash.modules.terpene
INFO     14/08 02:45:45   Analysing terpene clusters
DEBUG    14/08 02:45:45   Checking if antismash.modules.thiopeptides should be run
INFO     14/08 02:45:45   Running antismash.modules.thiopeptides
DEBUG    14/08 02:45:45   Thiopeptides marked 0 motifs
DEBUG    14/08 02:45:45   Checking if antismash.modules.tta should be run
INFO     14/08 02:45:45   Running antismash.modules.tta
INFO     14/08 02:45:46   Skipping TTA codon detection, GC content too low: 48%
INFO     14/08 02:45:46   Analysing record: 826
INFO     14/08 02:45:46   Detecting secondary metabolite clusters
DEBUG    14/08 02:45:46   Checking if antismash.detection.hmm_detection should be run
INFO     14/08 02:45:46   Running antismash.detection.hmm_detection
INFO     14/08 02:45:46   HMM detection using strictness: relaxed
DEBUG    14/08 02:45:50   3 rule-based cluster(s) found in record
DEBUG    14/08 02:45:50   3 protoclusters found
DEBUG    14/08 02:45:50   0 subregions found
INFO     14/08 02:45:50   3 region(s) detected in record
DEBUG    14/08 02:45:50   Checking if antismash.detection.cluster_hmmer should be run
INFO     14/08 02:45:50   Running antismash.detection.cluster_hmmer
INFO     14/08 02:45:50   Running cluster PFAM search
DEBUG    14/08 02:46:17   Adding detection results from antismash.detection.cluster_hmmer to record
DEBUG    14/08 02:46:17   Checking if antismash.detection.genefunctions should be run
INFO     14/08 02:46:17   Running antismash.detection.genefunctions
DEBUG    14/08 02:46:21   Adding detection results from antismash.detection.genefunctions to record
DEBUG    14/08 02:46:21   annotating CDS features with extras info: 0 CDSes
DEBUG    14/08 02:46:21   annotating CDS features with halogenases info: 0 CDSes
DEBUG    14/08 02:46:21   annotating CDS features with MITE info: 0 CDSes
DEBUG    14/08 02:46:21   annotating CDS features with resist info: 0 CDSes
DEBUG    14/08 02:46:21   annotating CDS features with smcogs info: 7 CDSes
DEBUG    14/08 02:46:21   Checking if antismash.detection.nrps_pks_domains should be run
INFO     14/08 02:46:21   Running antismash.detection.nrps_pks_domains
DEBUG    14/08 02:46:21   Marking NRPS/PKS CDS features and domains in clusters
DEBUG    14/08 02:46:21   Adding detection results from antismash.detection.nrps_pks_domains to record
DEBUG    14/08 02:46:21   Checking if antismash.detection.tigrfam should be run
INFO     14/08 02:46:21   Running antismash.detection.tigrfam
INFO     14/08 02:46:21   Running TIGRFam search
DEBUG    14/08 02:46:30   Adding detection results from antismash.detection.tigrfam to record
DEBUG    14/08 02:46:30   Checking if antismash.modules.active_site_finder should be run
INFO     14/08 02:46:30   Running antismash.modules.active_site_finder
DEBUG    14/08 02:46:30   Checking if antismash.modules.cluster_compare should be run
INFO     14/08 02:46:30   Running antismash.modules.cluster_compare
DEBUG    14/08 02:46:30   Loading comparison database: MIBiG
DEBUG    14/08 02:46:30   Comparison database loaded
INFO     14/08 02:46:30   Comparing regions to reference database
DEBUG    14/08 02:46:34   Checking if antismash.modules.clusterblast should be run
INFO     14/08 02:46:34   Running antismash.modules.clusterblast
INFO     14/08 02:46:34   Running ClusterBlast
INFO     14/08 02:46:34   ClusterBlast: Loading gene cluster database into memory...
INFO     14/08 02:46:37   ClusterBlast: Loading gene cluster database proteins into memory...
INFO     14/08 02:47:18   Comparing regions to reference database
INFO     14/08 02:48:24   Running subcluster search
INFO     14/08 02:48:24   SubClusterBlast: Loading gene cluster database into memory...
INFO     14/08 02:48:24   SubClusterBlast: Loading gene cluster database proteins into memory...
INFO     14/08 02:48:28   Running known cluster search
INFO     14/08 02:48:28   KnownClusterBlast: Loading gene cluster database into memory...
INFO     14/08 02:48:28   KnownClusterBlast: Loading gene cluster database proteins into memory...
DEBUG    14/08 02:48:28   Running DIAMOND knowncluster searches..
INFO     14/08 02:48:28   Comparing regions to reference database
DEBUG    14/08 02:48:34   Checking if antismash.modules.lanthipeptides should be run
INFO     14/08 02:48:34   Running antismash.modules.lanthipeptides
DEBUG    14/08 02:48:34   Lanthipeptide module marked 0 motifs
DEBUG    14/08 02:48:35   Checking if antismash.modules.lassopeptides should be run
INFO     14/08 02:48:35   Running antismash.modules.lassopeptides
DEBUG    14/08 02:48:35   Lassopeptide module marked 0 motifs
DEBUG    14/08 02:48:35   Checking if antismash.modules.nrps_pks should be run
INFO     14/08 02:48:35   Running antismash.modules.nrps_pks
INFO     14/08 02:48:35   Predicting A domain substrate specificities with nrpys
INFO     14/08 02:48:35   Predicting NRPS C domain activity using active site motifs
INFO     14/08 02:48:36   Predicting PKS AT domain substrate specificities by Yadav et al. PKS signature sequences
INFO     14/08 02:48:36   Predicting PKS AT domain substrate specificities by Minowa et al. method
INFO     14/08 02:48:37   Predicting CAL domain substrate specificities by Minowa et al. method
INFO     14/08 02:48:37   Predicting PKS KR activity and stereochemistry using KR fingerprints from Starcevic et al.
DEBUG    14/08 02:48:37   CandidateCluster 1 monomer ordering method: colinear
DEBUG    14/08 02:48:37   CandidateCluster 2 monomer ordering method: colinear
DEBUG    14/08 02:48:37   Checking if antismash.modules.pfam2go should be run
INFO     14/08 02:48:37   Running antismash.modules.pfam2go
DEBUG    14/08 02:48:37   Checking if antismash.modules.rrefinder should be run
INFO     14/08 02:48:37   Running antismash.modules.rrefinder
DEBUG    14/08 02:48:37   Checking if antismash.modules.sactipeptides should be run
INFO     14/08 02:48:37   Running antismash.modules.sactipeptides
DEBUG    14/08 02:48:37   Found no sactipeptide motifs
DEBUG    14/08 02:48:37   Checking if antismash.modules.t2pks should be run
INFO     14/08 02:48:37   Running antismash.modules.t2pks
DEBUG    14/08 02:48:37   No type II PKS clusters to analyze
DEBUG    14/08 02:48:37   Checking if antismash.modules.terpene should be run
INFO     14/08 02:48:37   Running antismash.modules.terpene
INFO     14/08 02:48:37   Analysing terpene clusters
DEBUG    14/08 02:48:37   Checking if antismash.modules.thiopeptides should be run
INFO     14/08 02:48:37   Running antismash.modules.thiopeptides
DEBUG    14/08 02:48:37   Thiopeptides marked 0 motifs
DEBUG    14/08 02:48:37   Checking if antismash.modules.tta should be run
INFO     14/08 02:48:37   Running antismash.modules.tta
INFO     14/08 02:48:37   Skipping TTA codon detection, GC content too low: 48%
INFO     14/08 02:48:37   Analysing record: 827
INFO     14/08 02:48:37   Detecting secondary metabolite clusters
DEBUG    14/08 02:48:37   Checking if antismash.detection.hmm_detection should be run
INFO     14/08 02:48:37   Running antismash.detection.hmm_detection
INFO     14/08 02:48:37   HMM detection using strictness: relaxed
DEBUG    14/08 02:48:43   1 rule-based cluster(s) found in record
DEBUG    14/08 02:48:43   1 protoclusters found
DEBUG    14/08 02:48:43   0 subregions found
INFO     14/08 02:48:43   1 region(s) detected in record
DEBUG    14/08 02:48:43   Checking if antismash.detection.cluster_hmmer should be run
INFO     14/08 02:48:43   Running antismash.detection.cluster_hmmer
INFO     14/08 02:48:43   Running cluster PFAM search
DEBUG    14/08 02:48:55   Adding detection results from antismash.detection.cluster_hmmer to record
DEBUG    14/08 02:48:55   Checking if antismash.detection.genefunctions should be run
INFO     14/08 02:48:55   Running antismash.detection.genefunctions
DEBUG    14/08 02:48:57   Adding detection results from antismash.detection.genefunctions to record
DEBUG    14/08 02:48:57   annotating CDS features with extras info: 0 CDSes
DEBUG    14/08 02:48:57   annotating CDS features with halogenases info: 0 CDSes
DEBUG    14/08 02:48:57   annotating CDS features with MITE info: 0 CDSes
DEBUG    14/08 02:48:57   annotating CDS features with resist info: 0 CDSes
DEBUG    14/08 02:48:57   annotating CDS features with smcogs info: 9 CDSes
DEBUG    14/08 02:48:57   Checking if antismash.detection.nrps_pks_domains should be run
INFO     14/08 02:48:57   Running antismash.detection.nrps_pks_domains
DEBUG    14/08 02:48:57   Marking NRPS/PKS CDS features and domains in clusters
DEBUG    14/08 02:48:58   Adding detection results from antismash.detection.nrps_pks_domains to record
DEBUG    14/08 02:48:58   Checking if antismash.detection.tigrfam should be run
INFO     14/08 02:48:58   Running antismash.detection.tigrfam
INFO     14/08 02:48:58   Running TIGRFam search
DEBUG    14/08 02:49:02   Adding detection results from antismash.detection.tigrfam to record
DEBUG    14/08 02:49:02   Checking if antismash.modules.active_site_finder should be run
INFO     14/08 02:49:02   Running antismash.modules.active_site_finder
DEBUG    14/08 02:49:02   Checking if antismash.modules.cluster_compare should be run
INFO     14/08 02:49:02   Running antismash.modules.cluster_compare
DEBUG    14/08 02:49:02   Loading comparison database: MIBiG
DEBUG    14/08 02:49:02   Comparison database loaded
INFO     14/08 02:49:02   Comparing regions to reference database
DEBUG    14/08 02:49:07   Checking if antismash.modules.clusterblast should be run
INFO     14/08 02:49:07   Running antismash.modules.clusterblast
INFO     14/08 02:49:07   Running ClusterBlast
INFO     14/08 02:49:07   ClusterBlast: Loading gene cluster database into memory...
INFO     14/08 02:49:10   ClusterBlast: Loading gene cluster database proteins into memory...
INFO     14/08 02:49:53   Comparing regions to reference database
INFO     14/08 02:50:54   Running subcluster search
INFO     14/08 02:50:54   SubClusterBlast: Loading gene cluster database into memory...
INFO     14/08 02:50:54   SubClusterBlast: Loading gene cluster database proteins into memory...
INFO     14/08 02:50:56   Running known cluster search
INFO     14/08 02:50:56   KnownClusterBlast: Loading gene cluster database into memory...
INFO     14/08 02:50:56   KnownClusterBlast: Loading gene cluster database proteins into memory...
DEBUG    14/08 02:51:05   Running DIAMOND knowncluster searches..
INFO     14/08 02:51:05   Comparing regions to reference database
DEBUG    14/08 02:51:13   Checking if antismash.modules.lanthipeptides should be run
INFO     14/08 02:51:13   Running antismash.modules.lanthipeptides
DEBUG    14/08 02:51:13   Lanthipeptide module marked 0 motifs
DEBUG    14/08 02:51:13   Checking if antismash.modules.lassopeptides should be run
INFO     14/08 02:51:13   Running antismash.modules.lassopeptides
DEBUG    14/08 02:51:14   Lassopeptide module marked 0 motifs
DEBUG    14/08 02:51:14   Checking if antismash.modules.nrps_pks should be run
INFO     14/08 02:51:14   Running antismash.modules.nrps_pks
INFO     14/08 02:51:14   Predicting A domain substrate specificities with nrpys
INFO     14/08 02:51:14   Predicting NRPS C domain activity using active site motifs
DEBUG    14/08 02:51:17   CandidateCluster 1 monomer ordering method: colinear
DEBUG    14/08 02:51:17   Checking if antismash.modules.pfam2go should be run
INFO     14/08 02:51:17   Running antismash.modules.pfam2go
DEBUG    14/08 02:51:17   Checking if antismash.modules.rrefinder should be run
INFO     14/08 02:51:17   Running antismash.modules.rrefinder
DEBUG    14/08 02:51:17   Checking if antismash.modules.sactipeptides should be run
INFO     14/08 02:51:17   Running antismash.modules.sactipeptides
DEBUG    14/08 02:51:17   Found no sactipeptide motifs
DEBUG    14/08 02:51:17   Checking if antismash.modules.t2pks should be run
INFO     14/08 02:51:17   Running antismash.modules.t2pks
DEBUG    14/08 02:51:17   No type II PKS clusters to analyze
DEBUG    14/08 02:51:17   Checking if antismash.modules.terpene should be run
INFO     14/08 02:51:17   Running antismash.modules.terpene
DEBUG    14/08 02:51:17   No terpene clusters to analyse
DEBUG    14/08 02:51:17   Checking if antismash.modules.thiopeptides should be run
INFO     14/08 02:51:17   Running antismash.modules.thiopeptides
DEBUG    14/08 02:51:17   Thiopeptides marked 0 motifs
DEBUG    14/08 02:51:17   Checking if antismash.modules.tta should be run
INFO     14/08 02:51:17   Running antismash.modules.tta
INFO     14/08 02:51:17   Skipping TTA codon detection, GC content too low: 48%
INFO     14/08 02:51:17   Analysing record: 849
INFO     14/08 02:51:17   Detecting secondary metabolite clusters
DEBUG    14/08 02:51:17   Checking if antismash.detection.hmm_detection should be run
INFO     14/08 02:51:17   Running antismash.detection.hmm_detection
INFO     14/08 02:51:17   HMM detection using strictness: relaxed
DEBUG    14/08 02:51:20   0 rule-based cluster(s) found in record
DEBUG    14/08 02:51:20   0 protoclusters found
DEBUG    14/08 02:51:20   0 subregions found
INFO     14/08 02:51:20   No regions detected, skipping record
INFO     14/08 02:51:20   Analysing record: 904
INFO     14/08 02:51:20   Detecting secondary metabolite clusters
DEBUG    14/08 02:51:20   Checking if antismash.detection.hmm_detection should be run
INFO     14/08 02:51:20   Running antismash.detection.hmm_detection
INFO     14/08 02:51:20   HMM detection using strictness: relaxed
DEBUG    14/08 02:51:23   4 rule-based cluster(s) found in record
DEBUG    14/08 02:51:23   4 protoclusters found
DEBUG    14/08 02:51:23   0 subregions found
INFO     14/08 02:51:23   2 region(s) detected in record
DEBUG    14/08 02:51:23   Checking if antismash.detection.cluster_hmmer should be run
INFO     14/08 02:51:23   Running antismash.detection.cluster_hmmer
INFO     14/08 02:51:23   Running cluster PFAM search
DEBUG    14/08 02:51:42   Adding detection results from antismash.detection.cluster_hmmer to record
DEBUG    14/08 02:51:42   Checking if antismash.detection.genefunctions should be run
INFO     14/08 02:51:42   Running antismash.detection.genefunctions
DEBUG    14/08 02:51:45   Adding detection results from antismash.detection.genefunctions to record
DEBUG    14/08 02:51:45   annotating CDS features with extras info: 0 CDSes
DEBUG    14/08 02:51:45   annotating CDS features with halogenases info: 0 CDSes
DEBUG    14/08 02:51:45   annotating CDS features with MITE info: 0 CDSes
DEBUG    14/08 02:51:45   annotating CDS features with resist info: 0 CDSes
DEBUG    14/08 02:51:45   annotating CDS features with smcogs info: 12 CDSes
DEBUG    14/08 02:51:45   Checking if antismash.detection.nrps_pks_domains should be run
INFO     14/08 02:51:45   Running antismash.detection.nrps_pks_domains
DEBUG    14/08 02:51:45   Marking NRPS/PKS CDS features and domains in clusters
DEBUG    14/08 02:51:46   Adding detection results from antismash.detection.nrps_pks_domains to record
DEBUG    14/08 02:51:46   Checking if antismash.detection.tigrfam should be run
INFO     14/08 02:51:46   Running antismash.detection.tigrfam
INFO     14/08 02:51:46   Running TIGRFam search
DEBUG    14/08 02:51:51   Adding detection results from antismash.detection.tigrfam to record
DEBUG    14/08 02:51:51   Checking if antismash.modules.active_site_finder should be run
INFO     14/08 02:51:51   Running antismash.modules.active_site_finder
DEBUG    14/08 02:51:51   Checking if antismash.modules.cluster_compare should be run
INFO     14/08 02:51:51   Running antismash.modules.cluster_compare
DEBUG    14/08 02:51:51   Loading comparison database: MIBiG
DEBUG    14/08 02:51:51   Comparison database loaded
INFO     14/08 02:51:51   Comparing regions to reference database
DEBUG    14/08 02:51:55   Checking if antismash.modules.clusterblast should be run
INFO     14/08 02:51:55   Running antismash.modules.clusterblast
INFO     14/08 02:51:55   Running ClusterBlast
INFO     14/08 02:51:55   ClusterBlast: Loading gene cluster database into memory...
INFO     14/08 02:51:58   ClusterBlast: Loading gene cluster database proteins into memory...
INFO     14/08 02:52:41   Comparing regions to reference database
INFO     14/08 02:53:22   Running subcluster search
INFO     14/08 02:53:22   SubClusterBlast: Loading gene cluster database into memory...
INFO     14/08 02:53:22   SubClusterBlast: Loading gene cluster database proteins into memory...
INFO     14/08 02:53:24   Running known cluster search
INFO     14/08 02:53:24   KnownClusterBlast: Loading gene cluster database into memory...
INFO     14/08 02:53:24   KnownClusterBlast: Loading gene cluster database proteins into memory...
DEBUG    14/08 02:53:25   Running DIAMOND knowncluster searches..
INFO     14/08 02:53:25   Comparing regions to reference database
DEBUG    14/08 02:53:31   Checking if antismash.modules.lanthipeptides should be run
INFO     14/08 02:53:31   Running antismash.modules.lanthipeptides
DEBUG    14/08 02:53:31   Lanthipeptide module marked 0 motifs
DEBUG    14/08 02:53:31   Checking if antismash.modules.lassopeptides should be run
INFO     14/08 02:53:31   Running antismash.modules.lassopeptides
DEBUG    14/08 02:53:31   Lassopeptide module marked 0 motifs
DEBUG    14/08 02:53:31   Checking if antismash.modules.nrps_pks should be run
INFO     14/08 02:53:31   Running antismash.modules.nrps_pks
INFO     14/08 02:53:31   Predicting A domain substrate specificities with nrpys
INFO     14/08 02:53:31   Predicting NRPS C domain activity using active site motifs
DEBUG    14/08 02:53:33   CandidateCluster 1 monomer ordering method: colinear
DEBUG    14/08 02:53:33   CandidateCluster 2 monomer ordering method: colinear
DEBUG    14/08 02:53:33   CandidateCluster 3 monomer ordering method: colinear
DEBUG    14/08 02:53:33   Checking if antismash.modules.pfam2go should be run
INFO     14/08 02:53:33   Running antismash.modules.pfam2go
DEBUG    14/08 02:53:33   Checking if antismash.modules.rrefinder should be run
INFO     14/08 02:53:33   Running antismash.modules.rrefinder
DEBUG    14/08 02:53:33   Checking if antismash.modules.sactipeptides should be run
INFO     14/08 02:53:33   Running antismash.modules.sactipeptides
DEBUG    14/08 02:53:33   Found no sactipeptide motifs
DEBUG    14/08 02:53:33   Checking if antismash.modules.t2pks should be run
INFO     14/08 02:53:33   Running antismash.modules.t2pks
DEBUG    14/08 02:53:33   No type II PKS clusters to analyze
DEBUG    14/08 02:53:33   Checking if antismash.modules.terpene should be run
INFO     14/08 02:53:33   Running antismash.modules.terpene
INFO     14/08 02:53:33   Analysing terpene clusters
DEBUG    14/08 02:53:33   Checking if antismash.modules.thiopeptides should be run
INFO     14/08 02:53:33   Running antismash.modules.thiopeptides
DEBUG    14/08 02:53:33   Thiopeptides marked 0 motifs
DEBUG    14/08 02:53:33   Checking if antismash.modules.tta should be run
INFO     14/08 02:53:33   Running antismash.modules.tta
INFO     14/08 02:53:33   Skipping TTA codon detection, GC content too low: 48%
INFO     14/08 02:53:33   Analysing record: 959
INFO     14/08 02:53:33   Detecting secondary metabolite clusters
DEBUG    14/08 02:53:33   Checking if antismash.detection.hmm_detection should be run
INFO     14/08 02:53:33   Running antismash.detection.hmm_detection
INFO     14/08 02:53:33   HMM detection using strictness: relaxed
DEBUG    14/08 02:53:35   0 rule-based cluster(s) found in record
DEBUG    14/08 02:53:35   0 protoclusters found
DEBUG    14/08 02:53:35   0 subregions found
INFO     14/08 02:53:35   No regions detected, skipping record
INFO     14/08 02:53:35   Analysing record: 960
INFO     14/08 02:53:35   Detecting secondary metabolite clusters
DEBUG    14/08 02:53:35   Checking if antismash.detection.hmm_detection should be run
INFO     14/08 02:53:35   Running antismash.detection.hmm_detection
INFO     14/08 02:53:35   HMM detection using strictness: relaxed
DEBUG    14/08 02:53:37   1 rule-based cluster(s) found in record
DEBUG    14/08 02:53:37   1 protoclusters found
DEBUG    14/08 02:53:37   0 subregions found
INFO     14/08 02:53:37   1 region(s) detected in record
DEBUG    14/08 02:53:37   Checking if antismash.detection.cluster_hmmer should be run
INFO     14/08 02:53:37   Running antismash.detection.cluster_hmmer
INFO     14/08 02:53:37   Running cluster PFAM search
DEBUG    14/08 02:53:46   Adding detection results from antismash.detection.cluster_hmmer to record
DEBUG    14/08 02:53:46   Checking if antismash.detection.genefunctions should be run
INFO     14/08 02:53:46   Running antismash.detection.genefunctions
DEBUG    14/08 02:53:47   Adding detection results from antismash.detection.genefunctions to record
DEBUG    14/08 02:53:47   annotating CDS features with extras info: 0 CDSes
DEBUG    14/08 02:53:47   annotating CDS features with halogenases info: 0 CDSes
DEBUG    14/08 02:53:47   annotating CDS features with MITE info: 0 CDSes
DEBUG    14/08 02:53:47   annotating CDS features with resist info: 0 CDSes
DEBUG    14/08 02:53:47   annotating CDS features with smcogs info: 5 CDSes
DEBUG    14/08 02:53:47   Checking if antismash.detection.nrps_pks_domains should be run
INFO     14/08 02:53:47   Running antismash.detection.nrps_pks_domains
DEBUG    14/08 02:53:47   Marking NRPS/PKS CDS features and domains in clusters
DEBUG    14/08 02:53:47   Adding detection results from antismash.detection.nrps_pks_domains to record
DEBUG    14/08 02:53:47   Checking if antismash.detection.tigrfam should be run
INFO     14/08 02:53:47   Running antismash.detection.tigrfam
INFO     14/08 02:53:47   Running TIGRFam search
DEBUG    14/08 02:53:50   Adding detection results from antismash.detection.tigrfam to record
DEBUG    14/08 02:53:50   Checking if antismash.modules.active_site_finder should be run
INFO     14/08 02:53:50   Running antismash.modules.active_site_finder
DEBUG    14/08 02:53:50   Checking if antismash.modules.cluster_compare should be run
INFO     14/08 02:53:50   Running antismash.modules.cluster_compare
DEBUG    14/08 02:53:50   Loading comparison database: MIBiG
DEBUG    14/08 02:53:50   Comparison database loaded
INFO     14/08 02:53:50   Comparing regions to reference database
DEBUG    14/08 02:53:53   Checking if antismash.modules.clusterblast should be run
INFO     14/08 02:53:53   Running antismash.modules.clusterblast
INFO     14/08 02:53:53   Running ClusterBlast
INFO     14/08 02:53:53   ClusterBlast: Loading gene cluster database into memory...
INFO     14/08 02:53:57   ClusterBlast: Loading gene cluster database proteins into memory...
INFO     14/08 02:54:33   Comparing regions to reference database
INFO     14/08 02:55:06   Running subcluster search
INFO     14/08 02:55:06   SubClusterBlast: Loading gene cluster database into memory...
INFO     14/08 02:55:06   SubClusterBlast: Loading gene cluster database proteins into memory...
INFO     14/08 02:55:07   Running known cluster search
INFO     14/08 02:55:07   KnownClusterBlast: Loading gene cluster database into memory...
INFO     14/08 02:55:07   KnownClusterBlast: Loading gene cluster database proteins into memory...
DEBUG    14/08 02:55:08   Running DIAMOND knowncluster searches..
INFO     14/08 02:55:08   Comparing regions to reference database
DEBUG    14/08 02:55:14   Checking if antismash.modules.lanthipeptides should be run
INFO     14/08 02:55:14   Running antismash.modules.lanthipeptides
DEBUG    14/08 02:55:14   Lanthipeptide module marked 0 motifs
DEBUG    14/08 02:55:14   Checking if antismash.modules.lassopeptides should be run
INFO     14/08 02:55:14   Running antismash.modules.lassopeptides
DEBUG    14/08 02:55:14   Lassopeptide module marked 0 motifs
DEBUG    14/08 02:55:14   Checking if antismash.modules.nrps_pks should be run
INFO     14/08 02:55:14   Running antismash.modules.nrps_pks
INFO     14/08 02:55:14   Predicting NRPS C domain activity using active site motifs
INFO     14/08 02:55:14   Predicting PKS AT domain substrate specificities by Yadav et al. PKS signature sequences
INFO     14/08 02:55:15   Predicting PKS AT domain substrate specificities by Minowa et al. method
INFO     14/08 02:55:15   Predicting CAL domain substrate specificities by Minowa et al. method
INFO     14/08 02:55:15   Predicting PKS KR activity and stereochemistry using KR fingerprints from Starcevic et al.
DEBUG    14/08 02:55:15   CandidateCluster 1 monomer ordering method: colinear
DEBUG    14/08 02:55:15   Checking if antismash.modules.pfam2go should be run
INFO     14/08 02:55:15   Running antismash.modules.pfam2go
DEBUG    14/08 02:55:17   Checking if antismash.modules.rrefinder should be run
INFO     14/08 02:55:17   Running antismash.modules.rrefinder
DEBUG    14/08 02:55:17   Checking if antismash.modules.sactipeptides should be run
INFO     14/08 02:55:17   Running antismash.modules.sactipeptides
DEBUG    14/08 02:55:17   Found no sactipeptide motifs
DEBUG    14/08 02:55:17   Checking if antismash.modules.t2pks should be run
INFO     14/08 02:55:17   Running antismash.modules.t2pks
DEBUG    14/08 02:55:17   No type II PKS clusters to analyze
DEBUG    14/08 02:55:17   Checking if antismash.modules.terpene should be run
INFO     14/08 02:55:17   Running antismash.modules.terpene
DEBUG    14/08 02:55:17   No terpene clusters to analyse
DEBUG    14/08 02:55:17   Checking if antismash.modules.thiopeptides should be run
INFO     14/08 02:55:17   Running antismash.modules.thiopeptides
DEBUG    14/08 02:55:17   Thiopeptides marked 0 motifs
DEBUG    14/08 02:55:17   Checking if antismash.modules.tta should be run
INFO     14/08 02:55:17   Running antismash.modules.tta
INFO     14/08 02:55:17   Skipping TTA codon detection, GC content too low: 48%
INFO     14/08 02:55:17   Analysing record: 961
INFO     14/08 02:55:17   Detecting secondary metabolite clusters
DEBUG    14/08 02:55:17   Checking if antismash.detection.hmm_detection should be run
INFO     14/08 02:55:17   Running antismash.detection.hmm_detection
INFO     14/08 02:55:17   HMM detection using strictness: relaxed
DEBUG    14/08 02:55:18   0 rule-based cluster(s) found in record
DEBUG    14/08 02:55:18   0 protoclusters found
DEBUG    14/08 02:55:18   0 subregions found
INFO     14/08 02:55:18   No regions detected, skipping record
INFO     14/08 02:55:18   Analysing record: 966
INFO     14/08 02:55:18   Detecting secondary metabolite clusters
DEBUG    14/08 02:55:18   Checking if antismash.detection.hmm_detection should be run
INFO     14/08 02:55:18   Running antismash.detection.hmm_detection
INFO     14/08 02:55:18   HMM detection using strictness: relaxed
DEBUG    14/08 02:55:18   0 rule-based cluster(s) found in record
DEBUG    14/08 02:55:18   0 protoclusters found
DEBUG    14/08 02:55:18   0 subregions found
INFO     14/08 02:55:18   No regions detected, skipping record
INFO     14/08 02:55:18   Analysing record: 969
INFO     14/08 02:55:18   Detecting secondary metabolite clusters
DEBUG    14/08 02:55:18   Checking if antismash.detection.hmm_detection should be run
INFO     14/08 02:55:18   Running antismash.detection.hmm_detection
INFO     14/08 02:55:18   HMM detection using strictness: relaxed
DEBUG    14/08 02:55:19   0 rule-based cluster(s) found in record
DEBUG    14/08 02:55:19   0 protoclusters found
DEBUG    14/08 02:55:19   0 subregions found
INFO     14/08 02:55:19   No regions detected, skipping record
INFO     14/08 02:55:19   Analysing record: 1334
INFO     14/08 02:55:19   Detecting secondary metabolite clusters
DEBUG    14/08 02:55:19   Checking if antismash.detection.hmm_detection should be run
INFO     14/08 02:55:19   Running antismash.detection.hmm_detection
INFO     14/08 02:55:19   HMM detection using strictness: relaxed
DEBUG    14/08 02:55:22   1 rule-based cluster(s) found in record
DEBUG    14/08 02:55:22   1 protoclusters found
DEBUG    14/08 02:55:22   0 subregions found
INFO     14/08 02:55:22   1 region(s) detected in record
DEBUG    14/08 02:55:22   Checking if antismash.detection.cluster_hmmer should be run
INFO     14/08 02:55:22   Running antismash.detection.cluster_hmmer
INFO     14/08 02:55:22   Running cluster PFAM search
DEBUG    14/08 02:55:30   Adding detection results from antismash.detection.cluster_hmmer to record
DEBUG    14/08 02:55:30   Checking if antismash.detection.genefunctions should be run
INFO     14/08 02:55:30   Running antismash.detection.genefunctions
DEBUG    14/08 02:55:32   Adding detection results from antismash.detection.genefunctions to record
DEBUG    14/08 02:55:32   annotating CDS features with extras info: 0 CDSes
DEBUG    14/08 02:55:32   annotating CDS features with halogenases info: 0 CDSes
DEBUG    14/08 02:55:32   annotating CDS features with MITE info: 0 CDSes
DEBUG    14/08 02:55:32   annotating CDS features with resist info: 0 CDSes
DEBUG    14/08 02:55:32   annotating CDS features with smcogs info: 4 CDSes
DEBUG    14/08 02:55:32   Checking if antismash.detection.nrps_pks_domains should be run
INFO     14/08 02:55:32   Running antismash.detection.nrps_pks_domains
DEBUG    14/08 02:55:32   Marking NRPS/PKS CDS features and domains in clusters
DEBUG    14/08 02:55:33   Adding detection results from antismash.detection.nrps_pks_domains to record
DEBUG    14/08 02:55:33   Checking if antismash.detection.tigrfam should be run
INFO     14/08 02:55:33   Running antismash.detection.tigrfam
INFO     14/08 02:55:33   Running TIGRFam search
DEBUG    14/08 02:55:36   Adding detection results from antismash.detection.tigrfam to record
DEBUG    14/08 02:55:36   Checking if antismash.modules.active_site_finder should be run
INFO     14/08 02:55:36   Running antismash.modules.active_site_finder
DEBUG    14/08 02:55:36   Checking if antismash.modules.cluster_compare should be run
INFO     14/08 02:55:36   Running antismash.modules.cluster_compare
DEBUG    14/08 02:55:36   Loading comparison database: MIBiG
DEBUG    14/08 02:55:36   Comparison database loaded
INFO     14/08 02:55:36   Comparing regions to reference database
DEBUG    14/08 02:55:41   Checking if antismash.modules.clusterblast should be run
INFO     14/08 02:55:41   Running antismash.modules.clusterblast
INFO     14/08 02:55:41   Running ClusterBlast
INFO     14/08 02:55:41   ClusterBlast: Loading gene cluster database into memory...
INFO     14/08 02:55:43   ClusterBlast: Loading gene cluster database proteins into memory...
INFO     14/08 02:56:24   Comparing regions to reference database
INFO     14/08 02:57:31   Running subcluster search
INFO     14/08 02:57:31   SubClusterBlast: Loading gene cluster database into memory...
INFO     14/08 02:57:31   SubClusterBlast: Loading gene cluster database proteins into memory...
INFO     14/08 02:57:33   Running known cluster search
INFO     14/08 02:57:33   KnownClusterBlast: Loading gene cluster database into memory...
INFO     14/08 02:57:33   KnownClusterBlast: Loading gene cluster database proteins into memory...
DEBUG    14/08 02:57:33   Running DIAMOND knowncluster searches..
INFO     14/08 02:57:33   Comparing regions to reference database
DEBUG    14/08 02:57:39   Checking if antismash.modules.lanthipeptides should be run
INFO     14/08 02:57:39   Running antismash.modules.lanthipeptides
DEBUG    14/08 02:57:39   Lanthipeptide module marked 0 motifs
DEBUG    14/08 02:57:40   Checking if antismash.modules.lassopeptides should be run
INFO     14/08 02:57:40   Running antismash.modules.lassopeptides
DEBUG    14/08 02:57:40   Lassopeptide module marked 0 motifs
DEBUG    14/08 02:57:40   Checking if antismash.modules.nrps_pks should be run
INFO     14/08 02:57:40   Running antismash.modules.nrps_pks
INFO     14/08 02:57:40   Predicting A domain substrate specificities with nrpys
INFO     14/08 02:57:40   Predicting NRPS C domain activity using active site motifs
DEBUG    14/08 02:57:42   CandidateCluster 1 monomer ordering method: colinear
DEBUG    14/08 02:57:42   Checking if antismash.modules.pfam2go should be run
INFO     14/08 02:57:42   Running antismash.modules.pfam2go
DEBUG    14/08 02:57:42   Checking if antismash.modules.rrefinder should be run
INFO     14/08 02:57:42   Running antismash.modules.rrefinder
DEBUG    14/08 02:57:42   Checking if antismash.modules.sactipeptides should be run
INFO     14/08 02:57:42   Running antismash.modules.sactipeptides
DEBUG    14/08 02:57:42   Found no sactipeptide motifs
DEBUG    14/08 02:57:42   Checking if antismash.modules.t2pks should be run
INFO     14/08 02:57:42   Running antismash.modules.t2pks
DEBUG    14/08 02:57:42   No type II PKS clusters to analyze
DEBUG    14/08 02:57:42   Checking if antismash.modules.terpene should be run
INFO     14/08 02:57:42   Running antismash.modules.terpene
DEBUG    14/08 02:57:42   No terpene clusters to analyse
DEBUG    14/08 02:57:42   Checking if antismash.modules.thiopeptides should be run
INFO     14/08 02:57:42   Running antismash.modules.thiopeptides
DEBUG    14/08 02:57:42   Thiopeptides marked 0 motifs
DEBUG    14/08 02:57:43   Checking if antismash.modules.tta should be run
INFO     14/08 02:57:43   Running antismash.modules.tta
INFO     14/08 02:57:43   Skipping TTA codon detection, GC content too low: 49%
INFO     14/08 02:57:43   Analysing record: 1339
INFO     14/08 02:57:43   Detecting secondary metabolite clusters
DEBUG    14/08 02:57:43   Checking if antismash.detection.hmm_detection should be run
INFO     14/08 02:57:43   Running antismash.detection.hmm_detection
INFO     14/08 02:57:43   HMM detection using strictness: relaxed
DEBUG    14/08 02:57:44   0 rule-based cluster(s) found in record
DEBUG    14/08 02:57:44   0 protoclusters found
DEBUG    14/08 02:57:44   0 subregions found
INFO     14/08 02:57:44   No regions detected, skipping record
INFO     14/08 02:57:44   Analysing record: 1340
INFO     14/08 02:57:44   Detecting secondary metabolite clusters
DEBUG    14/08 02:57:44   Checking if antismash.detection.hmm_detection should be run
INFO     14/08 02:57:44   Running antismash.detection.hmm_detection
INFO     14/08 02:57:44   HMM detection using strictness: relaxed
DEBUG    14/08 02:57:49   2 rule-based cluster(s) found in record
DEBUG    14/08 02:57:49   2 protoclusters found
DEBUG    14/08 02:57:49   0 subregions found
INFO     14/08 02:57:49   1 region(s) detected in record
DEBUG    14/08 02:57:49   Checking if antismash.detection.cluster_hmmer should be run
INFO     14/08 02:57:49   Running antismash.detection.cluster_hmmer
INFO     14/08 02:57:49   Running cluster PFAM search
DEBUG    14/08 02:57:57   Adding detection results from antismash.detection.cluster_hmmer to record
DEBUG    14/08 02:57:57   Checking if antismash.detection.genefunctions should be run
INFO     14/08 02:57:57   Running antismash.detection.genefunctions
DEBUG    14/08 02:57:59   Adding detection results from antismash.detection.genefunctions to record
DEBUG    14/08 02:57:59   annotating CDS features with extras info: 0 CDSes
DEBUG    14/08 02:57:59   annotating CDS features with halogenases info: 0 CDSes
DEBUG    14/08 02:57:59   annotating CDS features with MITE info: 1 CDSes
DEBUG    14/08 02:57:59   annotating CDS features with resist info: 0 CDSes
DEBUG    14/08 02:57:59   annotating CDS features with smcogs info: 12 CDSes
DEBUG    14/08 02:57:59   Checking if antismash.detection.nrps_pks_domains should be run
INFO     14/08 02:57:59   Running antismash.detection.nrps_pks_domains
DEBUG    14/08 02:57:59   Marking NRPS/PKS CDS features and domains in clusters
DEBUG    14/08 02:58:00   Adding detection results from antismash.detection.nrps_pks_domains to record
DEBUG    14/08 02:58:00   Checking if antismash.detection.tigrfam should be run
INFO     14/08 02:58:00   Running antismash.detection.tigrfam
INFO     14/08 02:58:00   Running TIGRFam search
DEBUG    14/08 02:58:03   Adding detection results from antismash.detection.tigrfam to record
DEBUG    14/08 02:58:03   Checking if antismash.modules.active_site_finder should be run
INFO     14/08 02:58:03   Running antismash.modules.active_site_finder
DEBUG    14/08 02:58:04   Checking if antismash.modules.cluster_compare should be run
INFO     14/08 02:58:04   Running antismash.modules.cluster_compare
DEBUG    14/08 02:58:04   Loading comparison database: MIBiG
DEBUG    14/08 02:58:04   Comparison database loaded
INFO     14/08 02:58:04   Comparing regions to reference database
DEBUG    14/08 02:58:07   Checking if antismash.modules.clusterblast should be run
INFO     14/08 02:58:07   Running antismash.modules.clusterblast
INFO     14/08 02:58:07   Running ClusterBlast
INFO     14/08 02:58:07   ClusterBlast: Loading gene cluster database into memory...
INFO     14/08 02:58:10   ClusterBlast: Loading gene cluster database proteins into memory...
INFO     14/08 02:58:45   Comparing regions to reference database
INFO     14/08 02:59:40   Running subcluster search
INFO     14/08 02:59:40   SubClusterBlast: Loading gene cluster database into memory...
INFO     14/08 02:59:40   SubClusterBlast: Loading gene cluster database proteins into memory...
INFO     14/08 02:59:42   Running known cluster search
INFO     14/08 02:59:42   KnownClusterBlast: Loading gene cluster database into memory...
INFO     14/08 02:59:42   KnownClusterBlast: Loading gene cluster database proteins into memory...
DEBUG    14/08 02:59:42   Running DIAMOND knowncluster searches..
INFO     14/08 02:59:42   Comparing regions to reference database
DEBUG    14/08 02:59:48   Checking if antismash.modules.lanthipeptides should be run
INFO     14/08 02:59:48   Running antismash.modules.lanthipeptides
DEBUG    14/08 02:59:48   Lanthipeptide module marked 0 motifs
DEBUG    14/08 02:59:49   Checking if antismash.modules.lassopeptides should be run
INFO     14/08 02:59:49   Running antismash.modules.lassopeptides
DEBUG    14/08 02:59:49   Lassopeptide module marked 0 motifs
DEBUG    14/08 02:59:49   Checking if antismash.modules.nrps_pks should be run
INFO     14/08 02:59:49   Running antismash.modules.nrps_pks
INFO     14/08 02:59:49   Predicting A domain substrate specificities with nrpys
INFO     14/08 02:59:49   Predicting NRPS C domain activity using active site motifs
INFO     14/08 02:59:49   Predicting PKS AT domain substrate specificities by Yadav et al. PKS signature sequences
INFO     14/08 02:59:51   Predicting PKS AT domain substrate specificities by Minowa et al. method
INFO     14/08 02:59:54   Predicting CAL domain substrate specificities by Minowa et al. method
INFO     14/08 02:59:54   Predicting PKS KR activity and stereochemistry using KR fingerprints from Starcevic et al.
DEBUG    14/08 02:59:54   CandidateCluster 1 monomer ordering method: colinear
DEBUG    14/08 02:59:54   Checking if antismash.modules.pfam2go should be run
INFO     14/08 02:59:54   Running antismash.modules.pfam2go
DEBUG    14/08 02:59:54   Checking if antismash.modules.rrefinder should be run
INFO     14/08 02:59:54   Running antismash.modules.rrefinder
DEBUG    14/08 02:59:54   Checking if antismash.modules.sactipeptides should be run
INFO     14/08 02:59:54   Running antismash.modules.sactipeptides
DEBUG    14/08 02:59:54   Found no sactipeptide motifs
DEBUG    14/08 02:59:54   Checking if antismash.modules.t2pks should be run
INFO     14/08 02:59:54   Running antismash.modules.t2pks
DEBUG    14/08 02:59:54   No type II PKS clusters to analyze
DEBUG    14/08 02:59:54   Checking if antismash.modules.terpene should be run
INFO     14/08 02:59:54   Running antismash.modules.terpene
DEBUG    14/08 02:59:54   No terpene clusters to analyse
DEBUG    14/08 02:59:54   Checking if antismash.modules.thiopeptides should be run
INFO     14/08 02:59:54   Running antismash.modules.thiopeptides
DEBUG    14/08 02:59:54   Thiopeptides marked 0 motifs
DEBUG    14/08 02:59:54   Checking if antismash.modules.tta should be run
INFO     14/08 02:59:54   Running antismash.modules.tta
INFO     14/08 02:59:54   Skipping TTA codon detection, GC content too low: 50%
INFO     14/08 02:59:54   Analysing record: 1341
INFO     14/08 02:59:54   Detecting secondary metabolite clusters
DEBUG    14/08 02:59:54   Checking if antismash.detection.hmm_detection should be run
INFO     14/08 02:59:54   Running antismash.detection.hmm_detection
INFO     14/08 02:59:54   HMM detection using strictness: relaxed
DEBUG    14/08 02:59:55   0 rule-based cluster(s) found in record
DEBUG    14/08 02:59:55   0 protoclusters found
DEBUG    14/08 02:59:55   0 subregions found
INFO     14/08 02:59:55   No regions detected, skipping record
INFO     14/08 02:59:55   Analysing record: 1370
INFO     14/08 02:59:55   Detecting secondary metabolite clusters
DEBUG    14/08 02:59:55   Checking if antismash.detection.hmm_detection should be run
INFO     14/08 02:59:55   Running antismash.detection.hmm_detection
INFO     14/08 02:59:55   HMM detection using strictness: relaxed
DEBUG    14/08 02:59:57   0 rule-based cluster(s) found in record
DEBUG    14/08 02:59:57   0 protoclusters found
DEBUG    14/08 02:59:57   0 subregions found
INFO     14/08 02:59:57   No regions detected, skipping record
INFO     14/08 02:59:57   Analysing record: 1372
INFO     14/08 02:59:57   Detecting secondary metabolite clusters
DEBUG    14/08 02:59:57   Checking if antismash.detection.hmm_detection should be run
INFO     14/08 02:59:57   Running antismash.detection.hmm_detection
INFO     14/08 02:59:57   HMM detection using strictness: relaxed
DEBUG    14/08 02:59:58   0 rule-based cluster(s) found in record
DEBUG    14/08 02:59:58   0 protoclusters found
DEBUG    14/08 02:59:58   0 subregions found
INFO     14/08 02:59:58   No regions detected, skipping record
INFO     14/08 02:59:58   Analysing record: 1374
INFO     14/08 02:59:58   Detecting secondary metabolite clusters
DEBUG    14/08 02:59:58   Checking if antismash.detection.hmm_detection should be run
INFO     14/08 02:59:58   Running antismash.detection.hmm_detection
INFO     14/08 02:59:58   HMM detection using strictness: relaxed
DEBUG    14/08 02:59:58   0 rule-based cluster(s) found in record
DEBUG    14/08 02:59:58   0 protoclusters found
DEBUG    14/08 02:59:58   0 subregions found
INFO     14/08 02:59:58   No regions detected, skipping record
INFO     14/08 02:59:58   Analysing record: 1845
INFO     14/08 02:59:58   Detecting secondary metabolite clusters
DEBUG    14/08 02:59:58   Checking if antismash.detection.hmm_detection should be run
INFO     14/08 02:59:58   Running antismash.detection.hmm_detection
INFO     14/08 02:59:58   HMM detection using strictness: relaxed
DEBUG    14/08 03:00:00   1 rule-based cluster(s) found in record
DEBUG    14/08 03:00:00   1 protoclusters found
DEBUG    14/08 03:00:00   0 subregions found
INFO     14/08 03:00:00   1 region(s) detected in record
DEBUG    14/08 03:00:00   Checking if antismash.detection.cluster_hmmer should be run
INFO     14/08 03:00:00   Running antismash.detection.cluster_hmmer
INFO     14/08 03:00:00   Running cluster PFAM search
DEBUG    14/08 03:00:10   Adding detection results from antismash.detection.cluster_hmmer to record
DEBUG    14/08 03:00:10   Checking if antismash.detection.genefunctions should be run
INFO     14/08 03:00:10   Running antismash.detection.genefunctions
DEBUG    14/08 03:00:13   Adding detection results from antismash.detection.genefunctions to record
DEBUG    14/08 03:00:13   annotating CDS features with extras info: 0 CDSes
DEBUG    14/08 03:00:13   annotating CDS features with halogenases info: 1 CDSes
DEBUG    14/08 03:00:13   annotating CDS features with MITE info: 0 CDSes
DEBUG    14/08 03:00:13   annotating CDS features with resist info: 0 CDSes
DEBUG    14/08 03:00:13   annotating CDS features with smcogs info: 8 CDSes
DEBUG    14/08 03:00:13   Checking if antismash.detection.nrps_pks_domains should be run
INFO     14/08 03:00:13   Running antismash.detection.nrps_pks_domains
DEBUG    14/08 03:00:13   Marking NRPS/PKS CDS features and domains in clusters
DEBUG    14/08 03:00:13   Adding detection results from antismash.detection.nrps_pks_domains to record
DEBUG    14/08 03:00:13   Checking if antismash.detection.tigrfam should be run
INFO     14/08 03:00:13   Running antismash.detection.tigrfam
INFO     14/08 03:00:13   Running TIGRFam search
DEBUG    14/08 03:00:17   Adding detection results from antismash.detection.tigrfam to record
DEBUG    14/08 03:00:17   Checking if antismash.modules.active_site_finder should be run
INFO     14/08 03:00:17   Running antismash.modules.active_site_finder
DEBUG    14/08 03:00:18   Checking if antismash.modules.cluster_compare should be run
INFO     14/08 03:00:18   Running antismash.modules.cluster_compare
DEBUG    14/08 03:00:18   Loading comparison database: MIBiG
DEBUG    14/08 03:00:18   Comparison database loaded
INFO     14/08 03:00:18   Comparing regions to reference database
DEBUG    14/08 03:00:21   Checking if antismash.modules.clusterblast should be run
INFO     14/08 03:00:21   Running antismash.modules.clusterblast
INFO     14/08 03:00:21   Running ClusterBlast
INFO     14/08 03:00:21   ClusterBlast: Loading gene cluster database into memory...
INFO     14/08 03:00:26   ClusterBlast: Loading gene cluster database proteins into memory...
INFO     14/08 03:01:02   Comparing regions to reference database
INFO     14/08 03:01:29   Running subcluster search
INFO     14/08 03:01:29   SubClusterBlast: Loading gene cluster database into memory...
INFO     14/08 03:01:29   SubClusterBlast: Loading gene cluster database proteins into memory...
INFO     14/08 03:01:30   Running known cluster search
INFO     14/08 03:01:30   KnownClusterBlast: Loading gene cluster database into memory...
INFO     14/08 03:01:30   KnownClusterBlast: Loading gene cluster database proteins into memory...
DEBUG    14/08 03:01:30   Running DIAMOND knowncluster searches..
INFO     14/08 03:01:30   Comparing regions to reference database
DEBUG    14/08 03:01:35   Checking if antismash.modules.lanthipeptides should be run
INFO     14/08 03:01:35   Running antismash.modules.lanthipeptides
DEBUG    14/08 03:01:35   Lanthipeptide module marked 0 motifs
DEBUG    14/08 03:01:35   Checking if antismash.modules.lassopeptides should be run
INFO     14/08 03:01:35   Running antismash.modules.lassopeptides
DEBUG    14/08 03:01:36   Lassopeptide module marked 0 motifs
DEBUG    14/08 03:01:36   Checking if antismash.modules.nrps_pks should be run
INFO     14/08 03:01:36   Running antismash.modules.nrps_pks
INFO     14/08 03:01:36   Predicting NRPS C domain activity using active site motifs
INFO     14/08 03:01:36   Predicting PKS AT domain substrate specificities by Yadav et al. PKS signature sequences
INFO     14/08 03:01:36   Predicting PKS AT domain substrate specificities by Minowa et al. method
INFO     14/08 03:01:37   Predicting CAL domain substrate specificities by Minowa et al. method
INFO     14/08 03:01:37   Predicting PKS KR activity and stereochemistry using KR fingerprints from Starcevic et al.
DEBUG    14/08 03:01:37   CandidateCluster 1 monomer ordering method: colinear
DEBUG    14/08 03:01:37   Checking if antismash.modules.pfam2go should be run
INFO     14/08 03:01:37   Running antismash.modules.pfam2go
DEBUG    14/08 03:01:37   Checking if antismash.modules.rrefinder should be run
INFO     14/08 03:01:37   Running antismash.modules.rrefinder
DEBUG    14/08 03:01:37   Checking if antismash.modules.sactipeptides should be run
INFO     14/08 03:01:37   Running antismash.modules.sactipeptides
DEBUG    14/08 03:01:37   Found no sactipeptide motifs
DEBUG    14/08 03:01:37   Checking if antismash.modules.t2pks should be run
INFO     14/08 03:01:37   Running antismash.modules.t2pks
DEBUG    14/08 03:01:37   No type II PKS clusters to analyze
DEBUG    14/08 03:01:37   Checking if antismash.modules.terpene should be run
INFO     14/08 03:01:37   Running antismash.modules.terpene
DEBUG    14/08 03:01:37   No terpene clusters to analyse
DEBUG    14/08 03:01:37   Checking if antismash.modules.thiopeptides should be run
INFO     14/08 03:01:37   Running antismash.modules.thiopeptides
DEBUG    14/08 03:01:37   Thiopeptides marked 0 motifs
DEBUG    14/08 03:01:37   Checking if antismash.modules.tta should be run
INFO     14/08 03:01:37   Running antismash.modules.tta
INFO     14/08 03:01:37   Skipping TTA codon detection, GC content too low: 48%
INFO     14/08 03:01:37   Analysing record: 1878
INFO     14/08 03:01:37   Detecting secondary metabolite clusters
DEBUG    14/08 03:01:37   Checking if antismash.detection.hmm_detection should be run
INFO     14/08 03:01:37   Running antismash.detection.hmm_detection
INFO     14/08 03:01:37   HMM detection using strictness: relaxed
DEBUG    14/08 03:01:38   0 rule-based cluster(s) found in record
DEBUG    14/08 03:01:38   0 protoclusters found
DEBUG    14/08 03:01:38   0 subregions found
INFO     14/08 03:01:38   No regions detected, skipping record
INFO     14/08 03:01:38   Analysing record: 1881
INFO     14/08 03:01:38   Detecting secondary metabolite clusters
DEBUG    14/08 03:01:38   Checking if antismash.detection.hmm_detection should be run
INFO     14/08 03:01:38   Running antismash.detection.hmm_detection
INFO     14/08 03:01:38   HMM detection using strictness: relaxed
DEBUG    14/08 03:01:39   0 rule-based cluster(s) found in record
DEBUG    14/08 03:01:39   0 protoclusters found
DEBUG    14/08 03:01:39   0 subregions found
INFO     14/08 03:01:39   No regions detected, skipping record
INFO     14/08 03:01:39   Analysing record: 1882
INFO     14/08 03:01:39   Detecting secondary metabolite clusters
DEBUG    14/08 03:01:39   Checking if antismash.detection.hmm_detection should be run
INFO     14/08 03:01:39   Running antismash.detection.hmm_detection
INFO     14/08 03:01:39   HMM detection using strictness: relaxed
DEBUG    14/08 03:01:40   0 rule-based cluster(s) found in record
DEBUG    14/08 03:01:40   0 protoclusters found
DEBUG    14/08 03:01:40   0 subregions found
INFO     14/08 03:01:40   No regions detected, skipping record
INFO     14/08 03:01:40   Analysing record: 1914
INFO     14/08 03:01:40   Detecting secondary metabolite clusters
DEBUG    14/08 03:01:40   Checking if antismash.detection.hmm_detection should be run
INFO     14/08 03:01:40   Running antismash.detection.hmm_detection
INFO     14/08 03:01:40   HMM detection using strictness: relaxed
DEBUG    14/08 03:01:41   0 rule-based cluster(s) found in record
DEBUG    14/08 03:01:41   0 protoclusters found
DEBUG    14/08 03:01:41   0 subregions found
INFO     14/08 03:01:41   No regions detected, skipping record
INFO     14/08 03:01:41   Analysing record: 1924
INFO     14/08 03:01:41   Detecting secondary metabolite clusters
DEBUG    14/08 03:01:41   Checking if antismash.detection.hmm_detection should be run
INFO     14/08 03:01:41   Running antismash.detection.hmm_detection
INFO     14/08 03:01:41   HMM detection using strictness: relaxed
DEBUG    14/08 03:01:42   1 rule-based cluster(s) found in record
DEBUG    14/08 03:01:42   1 protoclusters found
DEBUG    14/08 03:01:42   0 subregions found
INFO     14/08 03:01:42   1 region(s) detected in record
DEBUG    14/08 03:01:42   Checking if antismash.detection.cluster_hmmer should be run
INFO     14/08 03:01:42   Running antismash.detection.cluster_hmmer
INFO     14/08 03:01:42   Running cluster PFAM search
DEBUG    14/08 03:01:52   Adding detection results from antismash.detection.cluster_hmmer to record
DEBUG    14/08 03:01:52   Checking if antismash.detection.genefunctions should be run
INFO     14/08 03:01:52   Running antismash.detection.genefunctions
DEBUG    14/08 03:01:53   Adding detection results from antismash.detection.genefunctions to record
DEBUG    14/08 03:01:53   annotating CDS features with extras info: 0 CDSes
DEBUG    14/08 03:01:53   annotating CDS features with halogenases info: 0 CDSes
DEBUG    14/08 03:01:53   annotating CDS features with MITE info: 0 CDSes
DEBUG    14/08 03:01:53   annotating CDS features with resist info: 0 CDSes
DEBUG    14/08 03:01:53   annotating CDS features with smcogs info: 4 CDSes
DEBUG    14/08 03:01:53   Checking if antismash.detection.nrps_pks_domains should be run
INFO     14/08 03:01:53   Running antismash.detection.nrps_pks_domains
DEBUG    14/08 03:01:53   Marking NRPS/PKS CDS features and domains in clusters
DEBUG    14/08 03:01:54   Adding detection results from antismash.detection.nrps_pks_domains to record
DEBUG    14/08 03:01:54   Checking if antismash.detection.tigrfam should be run
INFO     14/08 03:01:54   Running antismash.detection.tigrfam
INFO     14/08 03:01:54   Running TIGRFam search
DEBUG    14/08 03:01:57   Adding detection results from antismash.detection.tigrfam to record
DEBUG    14/08 03:01:57   Checking if antismash.modules.active_site_finder should be run
INFO     14/08 03:01:57   Running antismash.modules.active_site_finder
DEBUG    14/08 03:01:57   Checking if antismash.modules.cluster_compare should be run
INFO     14/08 03:01:57   Running antismash.modules.cluster_compare
DEBUG    14/08 03:01:57   Loading comparison database: MIBiG
DEBUG    14/08 03:01:57   Comparison database loaded
INFO     14/08 03:01:57   Comparing regions to reference database
DEBUG    14/08 03:02:00   Checking if antismash.modules.clusterblast should be run
INFO     14/08 03:02:00   Running antismash.modules.clusterblast
INFO     14/08 03:02:00   Running ClusterBlast
INFO     14/08 03:02:00   ClusterBlast: Loading gene cluster database into memory...
INFO     14/08 03:02:09   ClusterBlast: Loading gene cluster database proteins into memory...
INFO     14/08 03:02:46   Comparing regions to reference database
INFO     14/08 03:03:22   Running subcluster search
INFO     14/08 03:03:22   SubClusterBlast: Loading gene cluster database into memory...
INFO     14/08 03:03:22   SubClusterBlast: Loading gene cluster database proteins into memory...
INFO     14/08 03:03:23   Running known cluster search
INFO     14/08 03:03:23   KnownClusterBlast: Loading gene cluster database into memory...
INFO     14/08 03:03:23   KnownClusterBlast: Loading gene cluster database proteins into memory...
DEBUG    14/08 03:03:23   Running DIAMOND knowncluster searches..
INFO     14/08 03:03:23   Comparing regions to reference database
DEBUG    14/08 03:03:29   Checking if antismash.modules.lanthipeptides should be run
INFO     14/08 03:03:29   Running antismash.modules.lanthipeptides
DEBUG    14/08 03:03:29   Lanthipeptide module marked 0 motifs
DEBUG    14/08 03:03:29   Checking if antismash.modules.lassopeptides should be run
INFO     14/08 03:03:29   Running antismash.modules.lassopeptides
DEBUG    14/08 03:03:29   Lassopeptide module marked 0 motifs
DEBUG    14/08 03:03:29   Checking if antismash.modules.nrps_pks should be run
INFO     14/08 03:03:29   Running antismash.modules.nrps_pks
INFO     14/08 03:03:29   Predicting A domain substrate specificities with nrpys
INFO     14/08 03:03:30   Predicting NRPS C domain activity using active site motifs
DEBUG    14/08 03:03:30   CandidateCluster 1 monomer ordering method: colinear
DEBUG    14/08 03:03:30   Checking if antismash.modules.pfam2go should be run
INFO     14/08 03:03:30   Running antismash.modules.pfam2go
DEBUG    14/08 03:03:30   Checking if antismash.modules.rrefinder should be run
INFO     14/08 03:03:30   Running antismash.modules.rrefinder
DEBUG    14/08 03:03:30   Checking if antismash.modules.sactipeptides should be run
INFO     14/08 03:03:30   Running antismash.modules.sactipeptides
DEBUG    14/08 03:03:30   Found no sactipeptide motifs
DEBUG    14/08 03:03:30   Checking if antismash.modules.t2pks should be run
INFO     14/08 03:03:30   Running antismash.modules.t2pks
DEBUG    14/08 03:03:30   No type II PKS clusters to analyze
DEBUG    14/08 03:03:30   Checking if antismash.modules.terpene should be run
INFO     14/08 03:03:30   Running antismash.modules.terpene
DEBUG    14/08 03:03:30   No terpene clusters to analyse
DEBUG    14/08 03:03:30   Checking if antismash.modules.thiopeptides should be run
INFO     14/08 03:03:30   Running antismash.modules.thiopeptides
DEBUG    14/08 03:03:30   Thiopeptides marked 0 motifs
DEBUG    14/08 03:03:30   Checking if antismash.modules.tta should be run
INFO     14/08 03:03:30   Running antismash.modules.tta
INFO     14/08 03:03:30   Skipping TTA codon detection, GC content too low: 49%
INFO     14/08 03:03:30   Analysing record: 2001
INFO     14/08 03:03:30   Detecting secondary metabolite clusters
DEBUG    14/08 03:03:30   Checking if antismash.detection.hmm_detection should be run
INFO     14/08 03:03:30   Running antismash.detection.hmm_detection
INFO     14/08 03:03:30   HMM detection using strictness: relaxed
DEBUG    14/08 03:03:31   1 rule-based cluster(s) found in record
DEBUG    14/08 03:03:31   1 protoclusters found
DEBUG    14/08 03:03:31   0 subregions found
INFO     14/08 03:03:31   1 region(s) detected in record
DEBUG    14/08 03:03:31   Checking if antismash.detection.cluster_hmmer should be run
INFO     14/08 03:03:31   Running antismash.detection.cluster_hmmer
INFO     14/08 03:03:31   Running cluster PFAM search
DEBUG    14/08 03:03:36   Adding detection results from antismash.detection.cluster_hmmer to record
DEBUG    14/08 03:03:36   Checking if antismash.detection.genefunctions should be run
INFO     14/08 03:03:36   Running antismash.detection.genefunctions
DEBUG    14/08 03:03:37   Adding detection results from antismash.detection.genefunctions to record
DEBUG    14/08 03:03:37   annotating CDS features with extras info: 0 CDSes
DEBUG    14/08 03:03:37   annotating CDS features with halogenases info: 0 CDSes
DEBUG    14/08 03:03:37   annotating CDS features with MITE info: 0 CDSes
DEBUG    14/08 03:03:37   annotating CDS features with resist info: 0 CDSes
DEBUG    14/08 03:03:37   annotating CDS features with smcogs info: 1 CDSes
DEBUG    14/08 03:03:37   Checking if antismash.detection.nrps_pks_domains should be run
INFO     14/08 03:03:37   Running antismash.detection.nrps_pks_domains
DEBUG    14/08 03:03:37   Marking NRPS/PKS CDS features and domains in clusters
DEBUG    14/08 03:03:37   Adding detection results from antismash.detection.nrps_pks_domains to record
DEBUG    14/08 03:03:37   Checking if antismash.detection.tigrfam should be run
INFO     14/08 03:03:37   Running antismash.detection.tigrfam
INFO     14/08 03:03:37   Running TIGRFam search
DEBUG    14/08 03:03:38   Adding detection results from antismash.detection.tigrfam to record
DEBUG    14/08 03:03:38   Checking if antismash.modules.active_site_finder should be run
INFO     14/08 03:03:38   Running antismash.modules.active_site_finder
DEBUG    14/08 03:03:38   Checking if antismash.modules.cluster_compare should be run
INFO     14/08 03:03:38   Running antismash.modules.cluster_compare
DEBUG    14/08 03:03:38   Loading comparison database: MIBiG
DEBUG    14/08 03:03:38   Comparison database loaded
INFO     14/08 03:03:38   Comparing regions to reference database
DEBUG    14/08 03:03:41   Checking if antismash.modules.clusterblast should be run
INFO     14/08 03:03:41   Running antismash.modules.clusterblast
INFO     14/08 03:03:41   Running ClusterBlast
INFO     14/08 03:03:41   ClusterBlast: Loading gene cluster database into memory...
INFO     14/08 03:03:44   ClusterBlast: Loading gene cluster database proteins into memory...
INFO     14/08 03:04:23   Comparing regions to reference database
INFO     14/08 03:04:53   Running subcluster search
INFO     14/08 03:04:53   SubClusterBlast: Loading gene cluster database into memory...
INFO     14/08 03:04:53   SubClusterBlast: Loading gene cluster database proteins into memory...
INFO     14/08 03:04:54   Running known cluster search
INFO     14/08 03:04:54   KnownClusterBlast: Loading gene cluster database into memory...
INFO     14/08 03:04:54   KnownClusterBlast: Loading gene cluster database proteins into memory...
DEBUG    14/08 03:04:55   Running DIAMOND knowncluster searches..
INFO     14/08 03:04:55   Comparing regions to reference database
DEBUG    14/08 03:05:01   Checking if antismash.modules.lanthipeptides should be run
INFO     14/08 03:05:01   Running antismash.modules.lanthipeptides
DEBUG    14/08 03:05:01   Lanthipeptide module marked 0 motifs
DEBUG    14/08 03:05:03   Checking if antismash.modules.lassopeptides should be run
INFO     14/08 03:05:03   Running antismash.modules.lassopeptides
DEBUG    14/08 03:05:04   Lassopeptide module marked 0 motifs
DEBUG    14/08 03:05:04   Checking if antismash.modules.nrps_pks should be run
INFO     14/08 03:05:04   Running antismash.modules.nrps_pks
DEBUG    14/08 03:05:04   No NRPS or PKS genes found, skipping analysis
DEBUG    14/08 03:05:04   Checking if antismash.modules.pfam2go should be run
INFO     14/08 03:05:04   Running antismash.modules.pfam2go
DEBUG    14/08 03:05:04   Checking if antismash.modules.rrefinder should be run
INFO     14/08 03:05:04   Running antismash.modules.rrefinder
DEBUG    14/08 03:05:04   Checking if antismash.modules.sactipeptides should be run
INFO     14/08 03:05:04   Running antismash.modules.sactipeptides
DEBUG    14/08 03:05:04   Found no sactipeptide motifs
DEBUG    14/08 03:05:04   Checking if antismash.modules.t2pks should be run
INFO     14/08 03:05:04   Running antismash.modules.t2pks
DEBUG    14/08 03:05:04   No type II PKS clusters to analyze
DEBUG    14/08 03:05:04   Checking if antismash.modules.terpene should be run
INFO     14/08 03:05:04   Running antismash.modules.terpene
DEBUG    14/08 03:05:04   No terpene clusters to analyse
DEBUG    14/08 03:05:04   Checking if antismash.modules.thiopeptides should be run
INFO     14/08 03:05:04   Running antismash.modules.thiopeptides
DEBUG    14/08 03:05:04   Thiopeptides marked 0 motifs
DEBUG    14/08 03:05:04   Checking if antismash.modules.tta should be run
INFO     14/08 03:05:04   Running antismash.modules.tta
INFO     14/08 03:05:04   Skipping TTA codon detection, GC content too low: 49%
INFO     14/08 03:05:04   Analysing record: 2483
INFO     14/08 03:05:04   Detecting secondary metabolite clusters
DEBUG    14/08 03:05:04   Checking if antismash.detection.hmm_detection should be run
INFO     14/08 03:05:04   Running antismash.detection.hmm_detection
INFO     14/08 03:05:04   HMM detection using strictness: relaxed
DEBUG    14/08 03:05:05   0 rule-based cluster(s) found in record
DEBUG    14/08 03:05:05   0 protoclusters found
DEBUG    14/08 03:05:05   0 subregions found
INFO     14/08 03:05:05   No regions detected, skipping record
INFO     14/08 03:05:05   Analysing record: 2488
INFO     14/08 03:05:05   Detecting secondary metabolite clusters
DEBUG    14/08 03:05:05   Checking if antismash.detection.hmm_detection should be run
INFO     14/08 03:05:05   Running antismash.detection.hmm_detection
INFO     14/08 03:05:05   HMM detection using strictness: relaxed
DEBUG    14/08 03:05:06   0 rule-based cluster(s) found in record
DEBUG    14/08 03:05:06   0 protoclusters found
DEBUG    14/08 03:05:06   0 subregions found
INFO     14/08 03:05:06   No regions detected, skipping record
INFO     14/08 03:05:06   Analysing record: 2492
INFO     14/08 03:05:06   Detecting secondary metabolite clusters
DEBUG    14/08 03:05:06   Checking if antismash.detection.hmm_detection should be run
INFO     14/08 03:05:06   Running antismash.detection.hmm_detection
INFO     14/08 03:05:06   HMM detection using strictness: relaxed
DEBUG    14/08 03:05:06   0 rule-based cluster(s) found in record
DEBUG    14/08 03:05:06   0 protoclusters found
DEBUG    14/08 03:05:06   0 subregions found
INFO     14/08 03:05:06   No regions detected, skipping record
INFO     14/08 03:05:06   Analysing record: 2495
INFO     14/08 03:05:06   Detecting secondary metabolite clusters
DEBUG    14/08 03:05:06   Checking if antismash.detection.hmm_detection should be run
INFO     14/08 03:05:06   Running antismash.detection.hmm_detection
INFO     14/08 03:05:06   HMM detection using strictness: relaxed
DEBUG    14/08 03:05:07   0 rule-based cluster(s) found in record
DEBUG    14/08 03:05:07   0 protoclusters found
DEBUG    14/08 03:05:07   0 subregions found
INFO     14/08 03:05:07   No regions detected, skipping record
INFO     14/08 03:05:07   Analysing record: 2893
INFO     14/08 03:05:07   Detecting secondary metabolite clusters
DEBUG    14/08 03:05:07   Checking if antismash.detection.hmm_detection should be run
INFO     14/08 03:05:07   Running antismash.detection.hmm_detection
INFO     14/08 03:05:07   HMM detection using strictness: relaxed
DEBUG    14/08 03:05:07   0 rule-based cluster(s) found in record
DEBUG    14/08 03:05:07   0 protoclusters found
DEBUG    14/08 03:05:07   0 subregions found
INFO     14/08 03:05:07   No regions detected, skipping record
INFO     14/08 03:05:07   Analysing record: 3065
INFO     14/08 03:05:07   Detecting secondary metabolite clusters
DEBUG    14/08 03:05:07   Checking if antismash.detection.hmm_detection should be run
INFO     14/08 03:05:07   Running antismash.detection.hmm_detection
INFO     14/08 03:05:07   HMM detection using strictness: relaxed
DEBUG    14/08 03:05:08   0 rule-based cluster(s) found in record
DEBUG    14/08 03:05:08   0 protoclusters found
DEBUG    14/08 03:05:08   0 subregions found
INFO     14/08 03:05:08   No regions detected, skipping record
INFO     14/08 03:05:08   Analysing record: 3072
INFO     14/08 03:05:08   Detecting secondary metabolite clusters
DEBUG    14/08 03:05:08   Checking if antismash.detection.hmm_detection should be run
INFO     14/08 03:05:08   Running antismash.detection.hmm_detection
INFO     14/08 03:05:08   HMM detection using strictness: relaxed
DEBUG    14/08 03:05:11   0 rule-based cluster(s) found in record
DEBUG    14/08 03:05:11   0 protoclusters found
DEBUG    14/08 03:05:11   0 subregions found
INFO     14/08 03:05:11   No regions detected, skipping record
INFO     14/08 03:05:11   Analysing record: 3075
INFO     14/08 03:05:11   Detecting secondary metabolite clusters
DEBUG    14/08 03:05:11   Checking if antismash.detection.hmm_detection should be run
INFO     14/08 03:05:11   Running antismash.detection.hmm_detection
INFO     14/08 03:05:11   HMM detection using strictness: relaxed
DEBUG    14/08 03:05:11   0 rule-based cluster(s) found in record
DEBUG    14/08 03:05:11   0 protoclusters found
DEBUG    14/08 03:05:11   0 subregions found
INFO     14/08 03:05:11   No regions detected, skipping record
INFO     14/08 03:05:11   Analysing record: 3077
INFO     14/08 03:05:11   Detecting secondary metabolite clusters
DEBUG    14/08 03:05:11   Checking if antismash.detection.hmm_detection should be run
INFO     14/08 03:05:11   Running antismash.detection.hmm_detection
INFO     14/08 03:05:11   HMM detection using strictness: relaxed
DEBUG    14/08 03:05:12   0 rule-based cluster(s) found in record
DEBUG    14/08 03:05:12   0 protoclusters found
DEBUG    14/08 03:05:12   0 subregions found
INFO     14/08 03:05:12   No regions detected, skipping record
INFO     14/08 03:05:12   Analysing record: 3092
INFO     14/08 03:05:12   Detecting secondary metabolite clusters
DEBUG    14/08 03:05:12   Checking if antismash.detection.hmm_detection should be run
INFO     14/08 03:05:12   Running antismash.detection.hmm_detection
INFO     14/08 03:05:12   HMM detection using strictness: relaxed
DEBUG    14/08 03:05:13   0 rule-based cluster(s) found in record
DEBUG    14/08 03:05:13   0 protoclusters found
DEBUG    14/08 03:05:13   0 subregions found
INFO     14/08 03:05:13   No regions detected, skipping record
INFO     14/08 03:05:13   Analysing record: 3093
INFO     14/08 03:05:13   Detecting secondary metabolite clusters
DEBUG    14/08 03:05:13   Checking if antismash.detection.hmm_detection should be run
INFO     14/08 03:05:13   Running antismash.detection.hmm_detection
INFO     14/08 03:05:13   HMM detection using strictness: relaxed
DEBUG    14/08 03:05:13   0 rule-based cluster(s) found in record
DEBUG    14/08 03:05:13   0 protoclusters found
DEBUG    14/08 03:05:13   0 subregions found
INFO     14/08 03:05:13   No regions detected, skipping record
INFO     14/08 03:05:13   Analysing record: 3094
INFO     14/08 03:05:13   Detecting secondary metabolite clusters
DEBUG    14/08 03:05:13   Checking if antismash.detection.hmm_detection should be run
INFO     14/08 03:05:13   Running antismash.detection.hmm_detection
INFO     14/08 03:05:13   HMM detection using strictness: relaxed
DEBUG    14/08 03:05:14   0 rule-based cluster(s) found in record
DEBUG    14/08 03:05:14   0 protoclusters found
DEBUG    14/08 03:05:14   0 subregions found
INFO     14/08 03:05:14   No regions detected, skipping record
INFO     14/08 03:05:14   Analysing record: 3100
INFO     14/08 03:05:14   Detecting secondary metabolite clusters
DEBUG    14/08 03:05:14   Checking if antismash.detection.hmm_detection should be run
INFO     14/08 03:05:14   Running antismash.detection.hmm_detection
INFO     14/08 03:05:14   HMM detection using strictness: relaxed
DEBUG    14/08 03:05:14   0 rule-based cluster(s) found in record
DEBUG    14/08 03:05:14   0 protoclusters found
DEBUG    14/08 03:05:14   0 subregions found
INFO     14/08 03:05:14   No regions detected, skipping record
INFO     14/08 03:05:14   Analysing record: 3101
INFO     14/08 03:05:14   Detecting secondary metabolite clusters
DEBUG    14/08 03:05:14   Checking if antismash.detection.hmm_detection should be run
INFO     14/08 03:05:14   Running antismash.detection.hmm_detection
INFO     14/08 03:05:14   HMM detection using strictness: relaxed
DEBUG    14/08 03:05:15   0 rule-based cluster(s) found in record
DEBUG    14/08 03:05:15   0 protoclusters found
DEBUG    14/08 03:05:15   0 subregions found
INFO     14/08 03:05:15   No regions detected, skipping record
INFO     14/08 03:05:15   Analysing record: 3102
INFO     14/08 03:05:15   Detecting secondary metabolite clusters
DEBUG    14/08 03:05:15   Checking if antismash.detection.hmm_detection should be run
INFO     14/08 03:05:15   Running antismash.detection.hmm_detection
INFO     14/08 03:05:15   HMM detection using strictness: relaxed
DEBUG    14/08 03:05:16   0 rule-based cluster(s) found in record
DEBUG    14/08 03:05:16   0 protoclusters found
DEBUG    14/08 03:05:16   0 subregions found
INFO     14/08 03:05:16   No regions detected, skipping record
INFO     14/08 03:05:16   Analysing record: 3106
INFO     14/08 03:05:16   Detecting secondary metabolite clusters
DEBUG    14/08 03:05:16   Checking if antismash.detection.hmm_detection should be run
INFO     14/08 03:05:16   Running antismash.detection.hmm_detection
INFO     14/08 03:05:16   HMM detection using strictness: relaxed
DEBUG    14/08 03:05:16   0 rule-based cluster(s) found in record
DEBUG    14/08 03:05:16   0 protoclusters found
DEBUG    14/08 03:05:16   0 subregions found
INFO     14/08 03:05:16   No regions detected, skipping record
INFO     14/08 03:05:16   Analysing record: 3119
INFO     14/08 03:05:16   Detecting secondary metabolite clusters
DEBUG    14/08 03:05:16   Checking if antismash.detection.hmm_detection should be run
INFO     14/08 03:05:16   Running antismash.detection.hmm_detection
INFO     14/08 03:05:16   HMM detection using strictness: relaxed
DEBUG    14/08 03:05:17   0 rule-based cluster(s) found in record
DEBUG    14/08 03:05:17   0 protoclusters found
DEBUG    14/08 03:05:17   0 subregions found
INFO     14/08 03:05:17   No regions detected, skipping record
INFO     14/08 03:05:17   Writing results
DEBUG    14/08 03:05:17   Writing json results to '/data/antismash/upload/fungi-d77518c9-b65b-4f80-9a36-0eb9a027dc84/Funannotate-annotated-genome-AF.json'
DEBUG    14/08 03:05:17   Record 1 has results for modules: hmm_detection
DEBUG    14/08 03:05:17   Converting antismash.detection.hmm_detection results to json
DEBUG    14/08 03:05:17   Record 24 has results for modules: hmm_detection, cluster_hmmer, genefunctions, nrps_pks_domains, tigrfam, active_site_finder, cluster_compare, clusterblast, lanthipeptides, lassopeptides, nrps_pks, pfam2go, rrefinder, sactipeptides, t2pks, terpene, thiopeptides
DEBUG    14/08 03:05:17   Converting antismash.detection.hmm_detection results to json
DEBUG    14/08 03:05:17   Converting antismash.detection.cluster_hmmer results to json
DEBUG    14/08 03:05:17   Converting antismash.detection.genefunctions results to json
DEBUG    14/08 03:05:17   Converting antismash.detection.nrps_pks_domains results to json
DEBUG    14/08 03:05:17   Converting antismash.detection.tigrfam results to json
DEBUG    14/08 03:05:17   Converting antismash.modules.active_site_finder results to json
DEBUG    14/08 03:05:17   Converting antismash.modules.cluster_compare results to json
DEBUG    14/08 03:05:17   Converting antismash.modules.clusterblast results to json
DEBUG    14/08 03:05:17   Converting antismash.modules.lanthipeptides results to json
DEBUG    14/08 03:05:17   Converting antismash.modules.lassopeptides results to json
DEBUG    14/08 03:05:17   Converting antismash.modules.nrps_pks results to json
DEBUG    14/08 03:05:17   Converting antismash.modules.pfam2go results to json
DEBUG    14/08 03:05:17   Converting antismash.modules.rrefinder results to json
DEBUG    14/08 03:05:17   Converting antismash.modules.sactipeptides results to json
DEBUG    14/08 03:05:17   Converting antismash.modules.t2pks results to json
DEBUG    14/08 03:05:17   Converting antismash.modules.terpene results to json
DEBUG    14/08 03:05:17   Converting antismash.modules.thiopeptides results to json
DEBUG    14/08 03:05:17   Converting antismash.modules.tta results to json
DEBUG    14/08 03:05:18   Record 256 has results for modules: hmm_detection, cluster_hmmer, genefunctions, nrps_pks_domains, tigrfam, active_site_finder, cluster_compare, clusterblast, lanthipeptides, lassopeptides, nrps_pks, pfam2go, rrefinder, sactipeptides, t2pks, terpene, thiopeptides
DEBUG    14/08 03:05:18   Converting antismash.detection.hmm_detection results to json
DEBUG    14/08 03:05:18   Converting antismash.detection.cluster_hmmer results to json
DEBUG    14/08 03:05:18   Converting antismash.detection.genefunctions results to json
DEBUG    14/08 03:05:18   Converting antismash.detection.nrps_pks_domains results to json
DEBUG    14/08 03:05:18   Converting antismash.detection.tigrfam results to json
DEBUG    14/08 03:05:18   Converting antismash.modules.active_site_finder results to json
DEBUG    14/08 03:05:18   Converting antismash.modules.cluster_compare results to json
DEBUG    14/08 03:05:18   Converting antismash.modules.clusterblast results to json
DEBUG    14/08 03:05:18   Converting antismash.modules.lanthipeptides results to json
DEBUG    14/08 03:05:18   Converting antismash.modules.lassopeptides results to json
DEBUG    14/08 03:05:18   Converting antismash.modules.nrps_pks results to json
DEBUG    14/08 03:05:18   Converting antismash.modules.pfam2go results to json
DEBUG    14/08 03:05:18   Converting antismash.modules.rrefinder results to json
DEBUG    14/08 03:05:18   Converting antismash.modules.sactipeptides results to json
DEBUG    14/08 03:05:18   Converting antismash.modules.t2pks results to json
DEBUG    14/08 03:05:18   Converting antismash.modules.terpene results to json
DEBUG    14/08 03:05:18   Converting antismash.modules.thiopeptides results to json
DEBUG    14/08 03:05:18   Converting antismash.modules.tta results to json
DEBUG    14/08 03:05:18   Record 258 has results for modules: hmm_detection, cluster_hmmer, genefunctions, nrps_pks_domains, tigrfam, active_site_finder, cluster_compare, clusterblast, lanthipeptides, lassopeptides, nrps_pks, pfam2go, rrefinder, sactipeptides, t2pks, terpene, thiopeptides
DEBUG    14/08 03:05:18   Converting antismash.detection.hmm_detection results to json
DEBUG    14/08 03:05:18   Converting antismash.detection.cluster_hmmer results to json
DEBUG    14/08 03:05:18   Converting antismash.detection.genefunctions results to json
DEBUG    14/08 03:05:18   Converting antismash.detection.nrps_pks_domains results to json
DEBUG    14/08 03:05:18   Converting antismash.detection.tigrfam results to json
DEBUG    14/08 03:05:18   Converting antismash.modules.active_site_finder results to json
DEBUG    14/08 03:05:18   Converting antismash.modules.cluster_compare results to json
DEBUG    14/08 03:05:18   Converting antismash.modules.clusterblast results to json
DEBUG    14/08 03:05:18   Converting antismash.modules.lanthipeptides results to json
DEBUG    14/08 03:05:18   Converting antismash.modules.lassopeptides results to json
DEBUG    14/08 03:05:18   Converting antismash.modules.nrps_pks results to json
DEBUG    14/08 03:05:18   Converting antismash.modules.pfam2go results to json
DEBUG    14/08 03:05:18   Converting antismash.modules.rrefinder results to json
DEBUG    14/08 03:05:18   Converting antismash.modules.sactipeptides results to json
DEBUG    14/08 03:05:18   Converting antismash.modules.t2pks results to json
DEBUG    14/08 03:05:18   Converting antismash.modules.terpene results to json
DEBUG    14/08 03:05:18   Converting antismash.modules.thiopeptides results to json
DEBUG    14/08 03:05:18   Converting antismash.modules.tta results to json
DEBUG    14/08 03:05:18   Record 418 has results for modules: hmm_detection, cluster_hmmer, genefunctions, nrps_pks_domains, tigrfam, active_site_finder, cluster_compare, clusterblast, lanthipeptides, lassopeptides, nrps_pks, pfam2go, rrefinder, sactipeptides, t2pks, terpene, thiopeptides
DEBUG    14/08 03:05:18   Converting antismash.detection.hmm_detection results to json
DEBUG    14/08 03:05:18   Converting antismash.detection.cluster_hmmer results to json
DEBUG    14/08 03:05:18   Converting antismash.detection.genefunctions results to json
DEBUG    14/08 03:05:18   Converting antismash.detection.nrps_pks_domains results to json
DEBUG    14/08 03:05:18   Converting antismash.detection.tigrfam results to json
DEBUG    14/08 03:05:18   Converting antismash.modules.active_site_finder results to json
DEBUG    14/08 03:05:18   Converting antismash.modules.cluster_compare results to json
DEBUG    14/08 03:05:18   Converting antismash.modules.clusterblast results to json
DEBUG    14/08 03:05:18   Converting antismash.modules.lanthipeptides results to json
DEBUG    14/08 03:05:18   Converting antismash.modules.lassopeptides results to json
DEBUG    14/08 03:05:18   Converting antismash.modules.nrps_pks results to json
DEBUG    14/08 03:05:18   Converting antismash.modules.pfam2go results to json
DEBUG    14/08 03:05:18   Converting antismash.modules.rrefinder results to json
DEBUG    14/08 03:05:18   Converting antismash.modules.sactipeptides results to json
DEBUG    14/08 03:05:18   Converting antismash.modules.t2pks results to json
DEBUG    14/08 03:05:18   Converting antismash.modules.terpene results to json
DEBUG    14/08 03:05:18   Converting antismash.modules.thiopeptides results to json
DEBUG    14/08 03:05:18   Converting antismash.modules.tta results to json
DEBUG    14/08 03:05:18   Record 431 has results for modules: hmm_detection, cluster_hmmer, genefunctions, nrps_pks_domains, tigrfam, active_site_finder, cluster_compare, clusterblast, lanthipeptides, lassopeptides, nrps_pks, pfam2go, rrefinder, sactipeptides, t2pks, terpene, thiopeptides
DEBUG    14/08 03:05:18   Converting antismash.detection.hmm_detection results to json
DEBUG    14/08 03:05:18   Converting antismash.detection.cluster_hmmer results to json
DEBUG    14/08 03:05:18   Converting antismash.detection.genefunctions results to json
DEBUG    14/08 03:05:18   Converting antismash.detection.nrps_pks_domains results to json
DEBUG    14/08 03:05:18   Converting antismash.detection.tigrfam results to json
DEBUG    14/08 03:05:18   Converting antismash.modules.active_site_finder results to json
DEBUG    14/08 03:05:18   Converting antismash.modules.cluster_compare results to json
DEBUG    14/08 03:05:18   Converting antismash.modules.clusterblast results to json
DEBUG    14/08 03:05:18   Converting antismash.modules.lanthipeptides results to json
DEBUG    14/08 03:05:18   Converting antismash.modules.lassopeptides results to json
DEBUG    14/08 03:05:18   Converting antismash.modules.nrps_pks results to json
DEBUG    14/08 03:05:18   Converting antismash.modules.pfam2go results to json
DEBUG    14/08 03:05:18   Converting antismash.modules.rrefinder results to json
DEBUG    14/08 03:05:18   Converting antismash.modules.sactipeptides results to json
DEBUG    14/08 03:05:18   Converting antismash.modules.t2pks results to json
DEBUG    14/08 03:05:18   Converting antismash.modules.terpene results to json
DEBUG    14/08 03:05:18   Converting antismash.modules.thiopeptides results to json
DEBUG    14/08 03:05:18   Converting antismash.modules.tta results to json
DEBUG    14/08 03:05:18   Record 432 has results for modules: hmm_detection, cluster_hmmer, genefunctions, nrps_pks_domains, tigrfam, active_site_finder, cluster_compare, clusterblast, lanthipeptides, lassopeptides, nrps_pks, pfam2go, rrefinder, sactipeptides, t2pks, terpene, thiopeptides
DEBUG    14/08 03:05:18   Converting antismash.detection.hmm_detection results to json
DEBUG    14/08 03:05:18   Converting antismash.detection.cluster_hmmer results to json
DEBUG    14/08 03:05:18   Converting antismash.detection.genefunctions results to json
DEBUG    14/08 03:05:18   Converting antismash.detection.nrps_pks_domains results to json
DEBUG    14/08 03:05:18   Converting antismash.detection.tigrfam results to json
DEBUG    14/08 03:05:18   Converting antismash.modules.active_site_finder results to json
DEBUG    14/08 03:05:18   Converting antismash.modules.cluster_compare results to json
DEBUG    14/08 03:05:18   Converting antismash.modules.clusterblast results to json
DEBUG    14/08 03:05:18   Converting antismash.modules.lanthipeptides results to json
DEBUG    14/08 03:05:18   Converting antismash.modules.lassopeptides results to json
DEBUG    14/08 03:05:18   Converting antismash.modules.nrps_pks results to json
DEBUG    14/08 03:05:18   Converting antismash.modules.pfam2go results to json
DEBUG    14/08 03:05:18   Converting antismash.modules.rrefinder results to json
DEBUG    14/08 03:05:18   Converting antismash.modules.sactipeptides results to json
DEBUG    14/08 03:05:18   Converting antismash.modules.t2pks results to json
DEBUG    14/08 03:05:18   Converting antismash.modules.terpene results to json
DEBUG    14/08 03:05:18   Converting antismash.modules.thiopeptides results to json
DEBUG    14/08 03:05:18   Converting antismash.modules.tta results to json
DEBUG    14/08 03:05:18   Record 433 has results for modules: hmm_detection, cluster_hmmer, genefunctions, nrps_pks_domains, tigrfam, active_site_finder, cluster_compare, clusterblast, lanthipeptides, lassopeptides, nrps_pks, pfam2go, rrefinder, sactipeptides, t2pks, terpene, thiopeptides
DEBUG    14/08 03:05:18   Converting antismash.detection.hmm_detection results to json
DEBUG    14/08 03:05:18   Converting antismash.detection.cluster_hmmer results to json
DEBUG    14/08 03:05:18   Converting antismash.detection.genefunctions results to json
DEBUG    14/08 03:05:18   Converting antismash.detection.nrps_pks_domains results to json
DEBUG    14/08 03:05:18   Converting antismash.detection.tigrfam results to json
DEBUG    14/08 03:05:18   Converting antismash.modules.active_site_finder results to json
DEBUG    14/08 03:05:18   Converting antismash.modules.cluster_compare results to json
DEBUG    14/08 03:05:18   Converting antismash.modules.clusterblast results to json
DEBUG    14/08 03:05:18   Converting antismash.modules.lanthipeptides results to json
DEBUG    14/08 03:05:18   Converting antismash.modules.lassopeptides results to json
DEBUG    14/08 03:05:18   Converting antismash.modules.nrps_pks results to json
DEBUG    14/08 03:05:18   Converting antismash.modules.pfam2go results to json
DEBUG    14/08 03:05:18   Converting antismash.modules.rrefinder results to json
DEBUG    14/08 03:05:18   Converting antismash.modules.sactipeptides results to json
DEBUG    14/08 03:05:18   Converting antismash.modules.t2pks results to json
DEBUG    14/08 03:05:18   Converting antismash.modules.terpene results to json
DEBUG    14/08 03:05:18   Converting antismash.modules.thiopeptides results to json
DEBUG    14/08 03:05:18   Converting antismash.modules.tta results to json
DEBUG    14/08 03:05:19   Record 471 has results for modules: hmm_detection, cluster_hmmer, genefunctions, nrps_pks_domains, tigrfam, active_site_finder, cluster_compare, clusterblast, lanthipeptides, lassopeptides, nrps_pks, pfam2go, rrefinder, sactipeptides, t2pks, terpene, thiopeptides
DEBUG    14/08 03:05:19   Converting antismash.detection.hmm_detection results to json
DEBUG    14/08 03:05:19   Converting antismash.detection.cluster_hmmer results to json
DEBUG    14/08 03:05:19   Converting antismash.detection.genefunctions results to json
DEBUG    14/08 03:05:19   Converting antismash.detection.nrps_pks_domains results to json
DEBUG    14/08 03:05:19   Converting antismash.detection.tigrfam results to json
DEBUG    14/08 03:05:19   Converting antismash.modules.active_site_finder results to json
DEBUG    14/08 03:05:19   Converting antismash.modules.cluster_compare results to json
DEBUG    14/08 03:05:19   Converting antismash.modules.clusterblast results to json
DEBUG    14/08 03:05:19   Converting antismash.modules.lanthipeptides results to json
DEBUG    14/08 03:05:19   Converting antismash.modules.lassopeptides results to json
DEBUG    14/08 03:05:19   Converting antismash.modules.nrps_pks results to json
DEBUG    14/08 03:05:19   Converting antismash.modules.pfam2go results to json
DEBUG    14/08 03:05:19   Converting antismash.modules.rrefinder results to json
DEBUG    14/08 03:05:19   Converting antismash.modules.sactipeptides results to json
DEBUG    14/08 03:05:19   Converting antismash.modules.t2pks results to json
DEBUG    14/08 03:05:19   Converting antismash.modules.terpene results to json
DEBUG    14/08 03:05:19   Converting antismash.modules.thiopeptides results to json
DEBUG    14/08 03:05:19   Converting antismash.modules.tta results to json
DEBUG    14/08 03:05:19   Record 480 has results for modules: hmm_detection, cluster_hmmer, genefunctions, nrps_pks_domains, tigrfam, active_site_finder, cluster_compare, clusterblast, lanthipeptides, lassopeptides, nrps_pks, pfam2go, rrefinder, sactipeptides, t2pks, terpene, thiopeptides
DEBUG    14/08 03:05:19   Converting antismash.detection.hmm_detection results to json
DEBUG    14/08 03:05:19   Converting antismash.detection.cluster_hmmer results to json
DEBUG    14/08 03:05:19   Converting antismash.detection.genefunctions results to json
DEBUG    14/08 03:05:19   Converting antismash.detection.nrps_pks_domains results to json
DEBUG    14/08 03:05:19   Converting antismash.detection.tigrfam results to json
DEBUG    14/08 03:05:19   Converting antismash.modules.active_site_finder results to json
DEBUG    14/08 03:05:19   Converting antismash.modules.cluster_compare results to json
DEBUG    14/08 03:05:19   Converting antismash.modules.clusterblast results to json
DEBUG    14/08 03:05:19   Converting antismash.modules.lanthipeptides results to json
DEBUG    14/08 03:05:19   Converting antismash.modules.lassopeptides results to json
DEBUG    14/08 03:05:19   Converting antismash.modules.nrps_pks results to json
DEBUG    14/08 03:05:19   Converting antismash.modules.pfam2go results to json
DEBUG    14/08 03:05:19   Converting antismash.modules.rrefinder results to json
DEBUG    14/08 03:05:19   Converting antismash.modules.sactipeptides results to json
DEBUG    14/08 03:05:19   Converting antismash.modules.t2pks results to json
DEBUG    14/08 03:05:19   Converting antismash.modules.terpene results to json
DEBUG    14/08 03:05:19   Converting antismash.modules.thiopeptides results to json
DEBUG    14/08 03:05:19   Converting antismash.modules.tta results to json
DEBUG    14/08 03:05:19   Record 482 has results for modules: hmm_detection, cluster_hmmer, genefunctions, nrps_pks_domains, tigrfam, active_site_finder, cluster_compare, clusterblast, lanthipeptides, lassopeptides, nrps_pks, pfam2go, rrefinder, sactipeptides, t2pks, terpene, thiopeptides
DEBUG    14/08 03:05:19   Converting antismash.detection.hmm_detection results to json
DEBUG    14/08 03:05:19   Converting antismash.detection.cluster_hmmer results to json
DEBUG    14/08 03:05:19   Converting antismash.detection.genefunctions results to json
DEBUG    14/08 03:05:19   Converting antismash.detection.nrps_pks_domains results to json
DEBUG    14/08 03:05:19   Converting antismash.detection.tigrfam results to json
DEBUG    14/08 03:05:19   Converting antismash.modules.active_site_finder results to json
DEBUG    14/08 03:05:19   Converting antismash.modules.cluster_compare results to json
DEBUG    14/08 03:05:19   Converting antismash.modules.clusterblast results to json
DEBUG    14/08 03:05:19   Converting antismash.modules.lanthipeptides results to json
DEBUG    14/08 03:05:19   Converting antismash.modules.lassopeptides results to json
DEBUG    14/08 03:05:19   Converting antismash.modules.nrps_pks results to json
DEBUG    14/08 03:05:19   Converting antismash.modules.pfam2go results to json
DEBUG    14/08 03:05:19   Converting antismash.modules.rrefinder results to json
DEBUG    14/08 03:05:19   Converting antismash.modules.sactipeptides results to json
DEBUG    14/08 03:05:19   Converting antismash.modules.t2pks results to json
DEBUG    14/08 03:05:19   Converting antismash.modules.terpene results to json
DEBUG    14/08 03:05:19   Converting antismash.modules.thiopeptides results to json
DEBUG    14/08 03:05:19   Converting antismash.modules.tta results to json
DEBUG    14/08 03:05:19   Record 485 has results for modules: hmm_detection, cluster_hmmer, genefunctions, nrps_pks_domains, tigrfam, active_site_finder, cluster_compare, clusterblast, lanthipeptides, lassopeptides, nrps_pks, pfam2go, rrefinder, sactipeptides, t2pks, terpene, thiopeptides
DEBUG    14/08 03:05:19   Converting antismash.detection.hmm_detection results to json
DEBUG    14/08 03:05:19   Converting antismash.detection.cluster_hmmer results to json
DEBUG    14/08 03:05:19   Converting antismash.detection.genefunctions results to json
DEBUG    14/08 03:05:19   Converting antismash.detection.nrps_pks_domains results to json
DEBUG    14/08 03:05:19   Converting antismash.detection.tigrfam results to json
DEBUG    14/08 03:05:19   Converting antismash.modules.active_site_finder results to json
DEBUG    14/08 03:05:19   Converting antismash.modules.cluster_compare results to json
DEBUG    14/08 03:05:19   Converting antismash.modules.clusterblast results to json
DEBUG    14/08 03:05:19   Converting antismash.modules.lanthipeptides results to json
DEBUG    14/08 03:05:19   Converting antismash.modules.lassopeptides results to json
DEBUG    14/08 03:05:19   Converting antismash.modules.nrps_pks results to json
DEBUG    14/08 03:05:19   Converting antismash.modules.pfam2go results to json
DEBUG    14/08 03:05:19   Converting antismash.modules.rrefinder results to json
DEBUG    14/08 03:05:19   Converting antismash.modules.sactipeptides results to json
DEBUG    14/08 03:05:19   Converting antismash.modules.t2pks results to json
DEBUG    14/08 03:05:19   Converting antismash.modules.terpene results to json
DEBUG    14/08 03:05:19   Converting antismash.modules.thiopeptides results to json
DEBUG    14/08 03:05:19   Converting antismash.modules.tta results to json
DEBUG    14/08 03:05:19   Record 486 has results for modules: hmm_detection, cluster_hmmer, genefunctions, nrps_pks_domains, tigrfam, active_site_finder, cluster_compare, clusterblast, lanthipeptides, lassopeptides, nrps_pks, pfam2go, rrefinder, sactipeptides, t2pks, terpene, thiopeptides
DEBUG    14/08 03:05:19   Converting antismash.detection.hmm_detection results to json
DEBUG    14/08 03:05:19   Converting antismash.detection.cluster_hmmer results to json
DEBUG    14/08 03:05:19   Converting antismash.detection.genefunctions results to json
DEBUG    14/08 03:05:19   Converting antismash.detection.nrps_pks_domains results to json
DEBUG    14/08 03:05:19   Converting antismash.detection.tigrfam results to json
DEBUG    14/08 03:05:19   Converting antismash.modules.active_site_finder results to json
DEBUG    14/08 03:05:19   Converting antismash.modules.cluster_compare results to json
DEBUG    14/08 03:05:19   Converting antismash.modules.clusterblast results to json
DEBUG    14/08 03:05:19   Converting antismash.modules.lanthipeptides results to json
DEBUG    14/08 03:05:19   Converting antismash.modules.lassopeptides results to json
DEBUG    14/08 03:05:19   Converting antismash.modules.nrps_pks results to json
DEBUG    14/08 03:05:19   Converting antismash.modules.pfam2go results to json
DEBUG    14/08 03:05:19   Converting antismash.modules.rrefinder results to json
DEBUG    14/08 03:05:19   Converting antismash.modules.sactipeptides results to json
DEBUG    14/08 03:05:19   Converting antismash.modules.t2pks results to json
DEBUG    14/08 03:05:19   Converting antismash.modules.terpene results to json
DEBUG    14/08 03:05:19   Converting antismash.modules.thiopeptides results to json
DEBUG    14/08 03:05:19   Converting antismash.modules.tta results to json
DEBUG    14/08 03:05:19   Record 497 has results for modules: hmm_detection, cluster_hmmer, genefunctions, nrps_pks_domains, tigrfam, active_site_finder, cluster_compare, clusterblast, lanthipeptides, lassopeptides, nrps_pks, pfam2go, rrefinder, sactipeptides, t2pks, terpene, thiopeptides
DEBUG    14/08 03:05:19   Converting antismash.detection.hmm_detection results to json
DEBUG    14/08 03:05:19   Converting antismash.detection.cluster_hmmer results to json
DEBUG    14/08 03:05:19   Converting antismash.detection.genefunctions results to json
DEBUG    14/08 03:05:19   Converting antismash.detection.nrps_pks_domains results to json
DEBUG    14/08 03:05:19   Converting antismash.detection.tigrfam results to json
DEBUG    14/08 03:05:19   Converting antismash.modules.active_site_finder results to json
DEBUG    14/08 03:05:19   Converting antismash.modules.cluster_compare results to json
DEBUG    14/08 03:05:19   Converting antismash.modules.clusterblast results to json
DEBUG    14/08 03:05:19   Converting antismash.modules.lanthipeptides results to json
DEBUG    14/08 03:05:19   Converting antismash.modules.lassopeptides results to json
DEBUG    14/08 03:05:19   Converting antismash.modules.nrps_pks results to json
DEBUG    14/08 03:05:19   Converting antismash.modules.pfam2go results to json
DEBUG    14/08 03:05:19   Converting antismash.modules.rrefinder results to json
DEBUG    14/08 03:05:19   Converting antismash.modules.sactipeptides results to json
DEBUG    14/08 03:05:19   Converting antismash.modules.t2pks results to json
DEBUG    14/08 03:05:19   Converting antismash.modules.terpene results to json
DEBUG    14/08 03:05:20   Converting antismash.modules.thiopeptides results to json
DEBUG    14/08 03:05:20   Converting antismash.modules.tta results to json
DEBUG    14/08 03:05:20   Record 612 has results for modules: hmm_detection
DEBUG    14/08 03:05:20   Converting antismash.detection.hmm_detection results to json
DEBUG    14/08 03:05:20   Record 614 has results for modules: hmm_detection, cluster_hmmer, genefunctions, nrps_pks_domains, tigrfam, active_site_finder, cluster_compare, clusterblast, lanthipeptides, lassopeptides, nrps_pks, pfam2go, rrefinder, sactipeptides, t2pks, terpene, thiopeptides
DEBUG    14/08 03:05:20   Converting antismash.detection.hmm_detection results to json
DEBUG    14/08 03:05:20   Converting antismash.detection.cluster_hmmer results to json
DEBUG    14/08 03:05:20   Converting antismash.detection.genefunctions results to json
DEBUG    14/08 03:05:20   Converting antismash.detection.nrps_pks_domains results to json
DEBUG    14/08 03:05:20   Converting antismash.detection.tigrfam results to json
DEBUG    14/08 03:05:20   Converting antismash.modules.active_site_finder results to json
DEBUG    14/08 03:05:20   Converting antismash.modules.cluster_compare results to json
DEBUG    14/08 03:05:20   Converting antismash.modules.clusterblast results to json
DEBUG    14/08 03:05:20   Converting antismash.modules.lanthipeptides results to json
DEBUG    14/08 03:05:20   Converting antismash.modules.lassopeptides results to json
DEBUG    14/08 03:05:20   Converting antismash.modules.nrps_pks results to json
DEBUG    14/08 03:05:20   Converting antismash.modules.pfam2go results to json
DEBUG    14/08 03:05:20   Converting antismash.modules.rrefinder results to json
DEBUG    14/08 03:05:20   Converting antismash.modules.sactipeptides results to json
DEBUG    14/08 03:05:20   Converting antismash.modules.t2pks results to json
DEBUG    14/08 03:05:20   Converting antismash.modules.terpene results to json
DEBUG    14/08 03:05:20   Converting antismash.modules.thiopeptides results to json
DEBUG    14/08 03:05:20   Converting antismash.modules.tta results to json
DEBUG    14/08 03:05:20   Record 618 has results for modules: hmm_detection
DEBUG    14/08 03:05:20   Converting antismash.detection.hmm_detection results to json
DEBUG    14/08 03:05:20   Record 641 has results for modules: hmm_detection, cluster_hmmer, genefunctions, nrps_pks_domains, tigrfam, active_site_finder, cluster_compare, clusterblast, lanthipeptides, lassopeptides, nrps_pks, pfam2go, rrefinder, sactipeptides, t2pks, terpene, thiopeptides
DEBUG    14/08 03:05:20   Converting antismash.detection.hmm_detection results to json
DEBUG    14/08 03:05:20   Converting antismash.detection.cluster_hmmer results to json
DEBUG    14/08 03:05:20   Converting antismash.detection.genefunctions results to json
DEBUG    14/08 03:05:20   Converting antismash.detection.nrps_pks_domains results to json
DEBUG    14/08 03:05:20   Converting antismash.detection.tigrfam results to json
DEBUG    14/08 03:05:20   Converting antismash.modules.active_site_finder results to json
DEBUG    14/08 03:05:20   Converting antismash.modules.cluster_compare results to json
DEBUG    14/08 03:05:20   Converting antismash.modules.clusterblast results to json
DEBUG    14/08 03:05:20   Converting antismash.modules.lanthipeptides results to json
DEBUG    14/08 03:05:20   Converting antismash.modules.lassopeptides results to json
DEBUG    14/08 03:05:20   Converting antismash.modules.nrps_pks results to json
DEBUG    14/08 03:05:20   Converting antismash.modules.pfam2go results to json
DEBUG    14/08 03:05:20   Converting antismash.modules.rrefinder results to json
DEBUG    14/08 03:05:20   Converting antismash.modules.sactipeptides results to json
DEBUG    14/08 03:05:20   Converting antismash.modules.t2pks results to json
DEBUG    14/08 03:05:20   Converting antismash.modules.terpene results to json
DEBUG    14/08 03:05:20   Converting antismash.modules.thiopeptides results to json
DEBUG    14/08 03:05:20   Converting antismash.modules.tta results to json
DEBUG    14/08 03:05:20   Record 702 has results for modules: hmm_detection, cluster_hmmer, genefunctions, nrps_pks_domains, tigrfam, active_site_finder, cluster_compare, clusterblast, lanthipeptides, lassopeptides, nrps_pks, pfam2go, rrefinder, sactipeptides, t2pks, terpene, thiopeptides
DEBUG    14/08 03:05:20   Converting antismash.detection.hmm_detection results to json
DEBUG    14/08 03:05:20   Converting antismash.detection.cluster_hmmer results to json
DEBUG    14/08 03:05:20   Converting antismash.detection.genefunctions results to json
DEBUG    14/08 03:05:20   Converting antismash.detection.nrps_pks_domains results to json
DEBUG    14/08 03:05:20   Converting antismash.detection.tigrfam results to json
DEBUG    14/08 03:05:20   Converting antismash.modules.active_site_finder results to json
DEBUG    14/08 03:05:20   Converting antismash.modules.cluster_compare results to json
DEBUG    14/08 03:05:20   Converting antismash.modules.clusterblast results to json
DEBUG    14/08 03:05:20   Converting antismash.modules.lanthipeptides results to json
DEBUG    14/08 03:05:20   Converting antismash.modules.lassopeptides results to json
DEBUG    14/08 03:05:20   Converting antismash.modules.nrps_pks results to json
DEBUG    14/08 03:05:20   Converting antismash.modules.pfam2go results to json
DEBUG    14/08 03:05:20   Converting antismash.modules.rrefinder results to json
DEBUG    14/08 03:05:20   Converting antismash.modules.sactipeptides results to json
DEBUG    14/08 03:05:20   Converting antismash.modules.t2pks results to json
DEBUG    14/08 03:05:20   Converting antismash.modules.terpene results to json
DEBUG    14/08 03:05:20   Converting antismash.modules.thiopeptides results to json
DEBUG    14/08 03:05:20   Converting antismash.modules.tta results to json
DEBUG    14/08 03:05:20   Record 703 has results for modules: hmm_detection, cluster_hmmer, genefunctions, nrps_pks_domains, tigrfam, active_site_finder, cluster_compare, clusterblast, lanthipeptides, lassopeptides, nrps_pks, pfam2go, rrefinder, sactipeptides, t2pks, terpene, thiopeptides
DEBUG    14/08 03:05:20   Converting antismash.detection.hmm_detection results to json
DEBUG    14/08 03:05:20   Converting antismash.detection.cluster_hmmer results to json
DEBUG    14/08 03:05:20   Converting antismash.detection.genefunctions results to json
DEBUG    14/08 03:05:20   Converting antismash.detection.nrps_pks_domains results to json
DEBUG    14/08 03:05:20   Converting antismash.detection.tigrfam results to json
DEBUG    14/08 03:05:20   Converting antismash.modules.active_site_finder results to json
DEBUG    14/08 03:05:20   Converting antismash.modules.cluster_compare results to json
DEBUG    14/08 03:05:20   Converting antismash.modules.clusterblast results to json
DEBUG    14/08 03:05:20   Converting antismash.modules.lanthipeptides results to json
DEBUG    14/08 03:05:20   Converting antismash.modules.lassopeptides results to json
DEBUG    14/08 03:05:20   Converting antismash.modules.nrps_pks results to json
DEBUG    14/08 03:05:20   Converting antismash.modules.pfam2go results to json
DEBUG    14/08 03:05:20   Converting antismash.modules.rrefinder results to json
DEBUG    14/08 03:05:20   Converting antismash.modules.sactipeptides results to json
DEBUG    14/08 03:05:20   Converting antismash.modules.t2pks results to json
DEBUG    14/08 03:05:20   Converting antismash.modules.terpene results to json
DEBUG    14/08 03:05:20   Converting antismash.modules.thiopeptides results to json
DEBUG    14/08 03:05:20   Converting antismash.modules.tta results to json
DEBUG    14/08 03:05:20   Record 815 has results for modules: hmm_detection, cluster_hmmer, genefunctions, nrps_pks_domains, tigrfam, active_site_finder, cluster_compare, clusterblast, lanthipeptides, lassopeptides, nrps_pks, pfam2go, rrefinder, sactipeptides, t2pks, terpene, thiopeptides
DEBUG    14/08 03:05:20   Converting antismash.detection.hmm_detection results to json
DEBUG    14/08 03:05:20   Converting antismash.detection.cluster_hmmer results to json
DEBUG    14/08 03:05:20   Converting antismash.detection.genefunctions results to json
DEBUG    14/08 03:05:20   Converting antismash.detection.nrps_pks_domains results to json
DEBUG    14/08 03:05:20   Converting antismash.detection.tigrfam results to json
DEBUG    14/08 03:05:20   Converting antismash.modules.active_site_finder results to json
DEBUG    14/08 03:05:20   Converting antismash.modules.cluster_compare results to json
DEBUG    14/08 03:05:20   Converting antismash.modules.clusterblast results to json
DEBUG    14/08 03:05:20   Converting antismash.modules.lanthipeptides results to json
DEBUG    14/08 03:05:20   Converting antismash.modules.lassopeptides results to json
DEBUG    14/08 03:05:20   Converting antismash.modules.nrps_pks results to json
DEBUG    14/08 03:05:20   Converting antismash.modules.pfam2go results to json
DEBUG    14/08 03:05:20   Converting antismash.modules.rrefinder results to json
DEBUG    14/08 03:05:20   Converting antismash.modules.sactipeptides results to json
DEBUG    14/08 03:05:20   Converting antismash.modules.t2pks results to json
DEBUG    14/08 03:05:20   Converting antismash.modules.terpene results to json
DEBUG    14/08 03:05:20   Converting antismash.modules.thiopeptides results to json
DEBUG    14/08 03:05:20   Converting antismash.modules.tta results to json
DEBUG    14/08 03:05:21   Record 826 has results for modules: hmm_detection, cluster_hmmer, genefunctions, nrps_pks_domains, tigrfam, active_site_finder, cluster_compare, clusterblast, lanthipeptides, lassopeptides, nrps_pks, pfam2go, rrefinder, sactipeptides, t2pks, terpene, thiopeptides
DEBUG    14/08 03:05:21   Converting antismash.detection.hmm_detection results to json
DEBUG    14/08 03:05:21   Converting antismash.detection.cluster_hmmer results to json
DEBUG    14/08 03:05:21   Converting antismash.detection.genefunctions results to json
DEBUG    14/08 03:05:21   Converting antismash.detection.nrps_pks_domains results to json
DEBUG    14/08 03:05:21   Converting antismash.detection.tigrfam results to json
DEBUG    14/08 03:05:21   Converting antismash.modules.active_site_finder results to json
DEBUG    14/08 03:05:21   Converting antismash.modules.cluster_compare results to json
DEBUG    14/08 03:05:21   Converting antismash.modules.clusterblast results to json
DEBUG    14/08 03:05:21   Converting antismash.modules.lanthipeptides results to json
DEBUG    14/08 03:05:21   Converting antismash.modules.lassopeptides results to json
DEBUG    14/08 03:05:21   Converting antismash.modules.nrps_pks results to json
DEBUG    14/08 03:05:21   Converting antismash.modules.pfam2go results to json
DEBUG    14/08 03:05:21   Converting antismash.modules.rrefinder results to json
DEBUG    14/08 03:05:21   Converting antismash.modules.sactipeptides results to json
DEBUG    14/08 03:05:21   Converting antismash.modules.t2pks results to json
DEBUG    14/08 03:05:21   Converting antismash.modules.terpene results to json
DEBUG    14/08 03:05:21   Converting antismash.modules.thiopeptides results to json
DEBUG    14/08 03:05:21   Converting antismash.modules.tta results to json
DEBUG    14/08 03:05:21   Record 827 has results for modules: hmm_detection, cluster_hmmer, genefunctions, nrps_pks_domains, tigrfam, active_site_finder, cluster_compare, clusterblast, lanthipeptides, lassopeptides, nrps_pks, pfam2go, rrefinder, sactipeptides, t2pks, terpene, thiopeptides
DEBUG    14/08 03:05:21   Converting antismash.detection.hmm_detection results to json
DEBUG    14/08 03:05:21   Converting antismash.detection.cluster_hmmer results to json
DEBUG    14/08 03:05:21   Converting antismash.detection.genefunctions results to json
DEBUG    14/08 03:05:21   Converting antismash.detection.nrps_pks_domains results to json
DEBUG    14/08 03:05:21   Converting antismash.detection.tigrfam results to json
DEBUG    14/08 03:05:21   Converting antismash.modules.active_site_finder results to json
DEBUG    14/08 03:05:21   Converting antismash.modules.cluster_compare results to json
DEBUG    14/08 03:05:21   Converting antismash.modules.clusterblast results to json
DEBUG    14/08 03:05:21   Converting antismash.modules.lanthipeptides results to json
DEBUG    14/08 03:05:21   Converting antismash.modules.lassopeptides results to json
DEBUG    14/08 03:05:21   Converting antismash.modules.nrps_pks results to json
DEBUG    14/08 03:05:21   Converting antismash.modules.pfam2go results to json
DEBUG    14/08 03:05:21   Converting antismash.modules.rrefinder results to json
DEBUG    14/08 03:05:21   Converting antismash.modules.sactipeptides results to json
DEBUG    14/08 03:05:21   Converting antismash.modules.t2pks results to json
DEBUG    14/08 03:05:21   Converting antismash.modules.terpene results to json
DEBUG    14/08 03:05:21   Converting antismash.modules.thiopeptides results to json
DEBUG    14/08 03:05:21   Converting antismash.modules.tta results to json
DEBUG    14/08 03:05:21   Record 849 has results for modules: hmm_detection
DEBUG    14/08 03:05:21   Converting antismash.detection.hmm_detection results to json
DEBUG    14/08 03:05:21   Record 904 has results for modules: hmm_detection, cluster_hmmer, genefunctions, nrps_pks_domains, tigrfam, active_site_finder, cluster_compare, clusterblast, lanthipeptides, lassopeptides, nrps_pks, pfam2go, rrefinder, sactipeptides, t2pks, terpene, thiopeptides
DEBUG    14/08 03:05:21   Converting antismash.detection.hmm_detection results to json
DEBUG    14/08 03:05:21   Converting antismash.detection.cluster_hmmer results to json
DEBUG    14/08 03:05:21   Converting antismash.detection.genefunctions results to json
DEBUG    14/08 03:05:21   Converting antismash.detection.nrps_pks_domains results to json
DEBUG    14/08 03:05:21   Converting antismash.detection.tigrfam results to json
DEBUG    14/08 03:05:21   Converting antismash.modules.active_site_finder results to json
DEBUG    14/08 03:05:21   Converting antismash.modules.cluster_compare results to json
DEBUG    14/08 03:05:21   Converting antismash.modules.clusterblast results to json
DEBUG    14/08 03:05:21   Converting antismash.modules.lanthipeptides results to json
DEBUG    14/08 03:05:21   Converting antismash.modules.lassopeptides results to json
DEBUG    14/08 03:05:21   Converting antismash.modules.nrps_pks results to json
DEBUG    14/08 03:05:21   Converting antismash.modules.pfam2go results to json
DEBUG    14/08 03:05:21   Converting antismash.modules.rrefinder results to json
DEBUG    14/08 03:05:21   Converting antismash.modules.sactipeptides results to json
DEBUG    14/08 03:05:21   Converting antismash.modules.t2pks results to json
DEBUG    14/08 03:05:21   Converting antismash.modules.terpene results to json
DEBUG    14/08 03:05:21   Converting antismash.modules.thiopeptides results to json
DEBUG    14/08 03:05:21   Converting antismash.modules.tta results to json
DEBUG    14/08 03:05:21   Record 959 has results for modules: hmm_detection
DEBUG    14/08 03:05:21   Converting antismash.detection.hmm_detection results to json
DEBUG    14/08 03:05:21   Record 960 has results for modules: hmm_detection, cluster_hmmer, genefunctions, nrps_pks_domains, tigrfam, active_site_finder, cluster_compare, clusterblast, lanthipeptides, lassopeptides, nrps_pks, pfam2go, rrefinder, sactipeptides, t2pks, terpene, thiopeptides
DEBUG    14/08 03:05:21   Converting antismash.detection.hmm_detection results to json
DEBUG    14/08 03:05:21   Converting antismash.detection.cluster_hmmer results to json
DEBUG    14/08 03:05:21   Converting antismash.detection.genefunctions results to json
DEBUG    14/08 03:05:21   Converting antismash.detection.nrps_pks_domains results to json
DEBUG    14/08 03:05:21   Converting antismash.detection.tigrfam results to json
DEBUG    14/08 03:05:21   Converting antismash.modules.active_site_finder results to json
DEBUG    14/08 03:05:21   Converting antismash.modules.cluster_compare results to json
DEBUG    14/08 03:05:21   Converting antismash.modules.clusterblast results to json
DEBUG    14/08 03:05:21   Converting antismash.modules.lanthipeptides results to json
DEBUG    14/08 03:05:21   Converting antismash.modules.lassopeptides results to json
DEBUG    14/08 03:05:21   Converting antismash.modules.nrps_pks results to json
DEBUG    14/08 03:05:21   Converting antismash.modules.pfam2go results to json
DEBUG    14/08 03:05:21   Converting antismash.modules.rrefinder results to json
DEBUG    14/08 03:05:21   Converting antismash.modules.sactipeptides results to json
DEBUG    14/08 03:05:21   Converting antismash.modules.t2pks results to json
DEBUG    14/08 03:05:21   Converting antismash.modules.terpene results to json
DEBUG    14/08 03:05:21   Converting antismash.modules.thiopeptides results to json
DEBUG    14/08 03:05:21   Converting antismash.modules.tta results to json
DEBUG    14/08 03:05:21   Record 961 has results for modules: hmm_detection
DEBUG    14/08 03:05:21   Converting antismash.detection.hmm_detection results to json
DEBUG    14/08 03:05:21   Record 966 has results for modules: hmm_detection
DEBUG    14/08 03:05:21   Converting antismash.detection.hmm_detection results to json
DEBUG    14/08 03:05:21   Record 969 has results for modules: hmm_detection
DEBUG    14/08 03:05:21   Converting antismash.detection.hmm_detection results to json
DEBUG    14/08 03:05:21   Record 1334 has results for modules: hmm_detection, cluster_hmmer, genefunctions, nrps_pks_domains, tigrfam, active_site_finder, cluster_compare, clusterblast, lanthipeptides, lassopeptides, nrps_pks, pfam2go, rrefinder, sactipeptides, t2pks, terpene, thiopeptides
DEBUG    14/08 03:05:21   Converting antismash.detection.hmm_detection results to json
DEBUG    14/08 03:05:21   Converting antismash.detection.cluster_hmmer results to json
DEBUG    14/08 03:05:21   Converting antismash.detection.genefunctions results to json
DEBUG    14/08 03:05:21   Converting antismash.detection.nrps_pks_domains results to json
DEBUG    14/08 03:05:21   Converting antismash.detection.tigrfam results to json
DEBUG    14/08 03:05:21   Converting antismash.modules.active_site_finder results to json
DEBUG    14/08 03:05:21   Converting antismash.modules.cluster_compare results to json
DEBUG    14/08 03:05:21   Converting antismash.modules.clusterblast results to json
DEBUG    14/08 03:05:21   Converting antismash.modules.lanthipeptides results to json
DEBUG    14/08 03:05:21   Converting antismash.modules.lassopeptides results to json
DEBUG    14/08 03:05:21   Converting antismash.modules.nrps_pks results to json
DEBUG    14/08 03:05:21   Converting antismash.modules.pfam2go results to json
DEBUG    14/08 03:05:21   Converting antismash.modules.rrefinder results to json
DEBUG    14/08 03:05:21   Converting antismash.modules.sactipeptides results to json
DEBUG    14/08 03:05:21   Converting antismash.modules.t2pks results to json
DEBUG    14/08 03:05:21   Converting antismash.modules.terpene results to json
DEBUG    14/08 03:05:21   Converting antismash.modules.thiopeptides results to json
DEBUG    14/08 03:05:21   Converting antismash.modules.tta results to json
DEBUG    14/08 03:05:21   Record 1339 has results for modules: hmm_detection
DEBUG    14/08 03:05:21   Converting antismash.detection.hmm_detection results to json
DEBUG    14/08 03:05:21   Record 1340 has results for modules: hmm_detection, cluster_hmmer, genefunctions, nrps_pks_domains, tigrfam, active_site_finder, cluster_compare, clusterblast, lanthipeptides, lassopeptides, nrps_pks, pfam2go, rrefinder, sactipeptides, t2pks, terpene, thiopeptides
DEBUG    14/08 03:05:21   Converting antismash.detection.hmm_detection results to json
DEBUG    14/08 03:05:21   Converting antismash.detection.cluster_hmmer results to json
DEBUG    14/08 03:05:21   Converting antismash.detection.genefunctions results to json
DEBUG    14/08 03:05:21   Converting antismash.detection.nrps_pks_domains results to json
DEBUG    14/08 03:05:21   Converting antismash.detection.tigrfam results to json
DEBUG    14/08 03:05:21   Converting antismash.modules.active_site_finder results to json
DEBUG    14/08 03:05:21   Converting antismash.modules.cluster_compare results to json
DEBUG    14/08 03:05:21   Converting antismash.modules.clusterblast results to json
DEBUG    14/08 03:05:21   Converting antismash.modules.lanthipeptides results to json
DEBUG    14/08 03:05:21   Converting antismash.modules.lassopeptides results to json
DEBUG    14/08 03:05:21   Converting antismash.modules.nrps_pks results to json
DEBUG    14/08 03:05:21   Converting antismash.modules.pfam2go results to json
DEBUG    14/08 03:05:21   Converting antismash.modules.rrefinder results to json
DEBUG    14/08 03:05:21   Converting antismash.modules.sactipeptides results to json
DEBUG    14/08 03:05:21   Converting antismash.modules.t2pks results to json
DEBUG    14/08 03:05:21   Converting antismash.modules.terpene results to json
DEBUG    14/08 03:05:21   Converting antismash.modules.thiopeptides results to json
DEBUG    14/08 03:05:21   Converting antismash.modules.tta results to json
DEBUG    14/08 03:05:21   Record 1341 has results for modules: hmm_detection
DEBUG    14/08 03:05:21   Converting antismash.detection.hmm_detection results to json
DEBUG    14/08 03:05:21   Record 1370 has results for modules: hmm_detection
DEBUG    14/08 03:05:21   Converting antismash.detection.hmm_detection results to json
DEBUG    14/08 03:05:21   Record 1372 has results for modules: hmm_detection
DEBUG    14/08 03:05:21   Converting antismash.detection.hmm_detection results to json
DEBUG    14/08 03:05:21   Record 1374 has results for modules: hmm_detection
DEBUG    14/08 03:05:21   Converting antismash.detection.hmm_detection results to json
DEBUG    14/08 03:05:21   Record 1845 has results for modules: hmm_detection, cluster_hmmer, genefunctions, nrps_pks_domains, tigrfam, active_site_finder, cluster_compare, clusterblast, lanthipeptides, lassopeptides, nrps_pks, pfam2go, rrefinder, sactipeptides, t2pks, terpene, thiopeptides
DEBUG    14/08 03:05:21   Converting antismash.detection.hmm_detection results to json
DEBUG    14/08 03:05:21   Converting antismash.detection.cluster_hmmer results to json
DEBUG    14/08 03:05:21   Converting antismash.detection.genefunctions results to json
DEBUG    14/08 03:05:21   Converting antismash.detection.nrps_pks_domains results to json
DEBUG    14/08 03:05:21   Converting antismash.detection.tigrfam results to json
DEBUG    14/08 03:05:21   Converting antismash.modules.active_site_finder results to json
DEBUG    14/08 03:05:21   Converting antismash.modules.cluster_compare results to json
DEBUG    14/08 03:05:21   Converting antismash.modules.clusterblast results to json
DEBUG    14/08 03:05:21   Converting antismash.modules.lanthipeptides results to json
DEBUG    14/08 03:05:21   Converting antismash.modules.lassopeptides results to json
DEBUG    14/08 03:05:21   Converting antismash.modules.nrps_pks results to json
DEBUG    14/08 03:05:21   Converting antismash.modules.pfam2go results to json
DEBUG    14/08 03:05:21   Converting antismash.modules.rrefinder results to json
DEBUG    14/08 03:05:21   Converting antismash.modules.sactipeptides results to json
DEBUG    14/08 03:05:21   Converting antismash.modules.t2pks results to json
DEBUG    14/08 03:05:21   Converting antismash.modules.terpene results to json
DEBUG    14/08 03:05:21   Converting antismash.modules.thiopeptides results to json
DEBUG    14/08 03:05:21   Converting antismash.modules.tta results to json
DEBUG    14/08 03:05:21   Record 1878 has results for modules: hmm_detection
DEBUG    14/08 03:05:21   Converting antismash.detection.hmm_detection results to json
DEBUG    14/08 03:05:21   Record 1881 has results for modules: hmm_detection
DEBUG    14/08 03:05:21   Converting antismash.detection.hmm_detection results to json
DEBUG    14/08 03:05:21   Record 1882 has results for modules: hmm_detection
DEBUG    14/08 03:05:21   Converting antismash.detection.hmm_detection results to json
DEBUG    14/08 03:05:21   Record 1914 has results for modules: hmm_detection
DEBUG    14/08 03:05:21   Converting antismash.detection.hmm_detection results to json
DEBUG    14/08 03:05:21   Record 1924 has results for modules: hmm_detection, cluster_hmmer, genefunctions, nrps_pks_domains, tigrfam, active_site_finder, cluster_compare, clusterblast, lanthipeptides, lassopeptides, nrps_pks, pfam2go, rrefinder, sactipeptides, t2pks, terpene, thiopeptides
DEBUG    14/08 03:05:21   Converting antismash.detection.hmm_detection results to json
DEBUG    14/08 03:05:21   Converting antismash.detection.cluster_hmmer results to json
DEBUG    14/08 03:05:21   Converting antismash.detection.genefunctions results to json
DEBUG    14/08 03:05:21   Converting antismash.detection.nrps_pks_domains results to json
DEBUG    14/08 03:05:21   Converting antismash.detection.tigrfam results to json
DEBUG    14/08 03:05:21   Converting antismash.modules.active_site_finder results to json
DEBUG    14/08 03:05:21   Converting antismash.modules.cluster_compare results to json
DEBUG    14/08 03:05:21   Converting antismash.modules.clusterblast results to json
DEBUG    14/08 03:05:21   Converting antismash.modules.lanthipeptides results to json
DEBUG    14/08 03:05:21   Converting antismash.modules.lassopeptides results to json
DEBUG    14/08 03:05:21   Converting antismash.modules.nrps_pks results to json
DEBUG    14/08 03:05:21   Converting antismash.modules.pfam2go results to json
DEBUG    14/08 03:05:21   Converting antismash.modules.rrefinder results to json
DEBUG    14/08 03:05:21   Converting antismash.modules.sactipeptides results to json
DEBUG    14/08 03:05:21   Converting antismash.modules.t2pks results to json
DEBUG    14/08 03:05:21   Converting antismash.modules.terpene results to json
DEBUG    14/08 03:05:21   Converting antismash.modules.thiopeptides results to json
DEBUG    14/08 03:05:21   Converting antismash.modules.tta results to json
DEBUG    14/08 03:05:21   Record 2001 has results for modules: hmm_detection, cluster_hmmer, genefunctions, nrps_pks_domains, tigrfam, active_site_finder, cluster_compare, clusterblast, lanthipeptides, lassopeptides, nrps_pks, pfam2go, rrefinder, sactipeptides, t2pks, terpene, thiopeptides
DEBUG    14/08 03:05:21   Converting antismash.detection.hmm_detection results to json
DEBUG    14/08 03:05:21   Converting antismash.detection.cluster_hmmer results to json
DEBUG    14/08 03:05:21   Converting antismash.detection.genefunctions results to json
DEBUG    14/08 03:05:21   Converting antismash.detection.nrps_pks_domains results to json
DEBUG    14/08 03:05:21   Converting antismash.detection.tigrfam results to json
DEBUG    14/08 03:05:21   Converting antismash.modules.active_site_finder results to json
DEBUG    14/08 03:05:21   Converting antismash.modules.cluster_compare results to json
DEBUG    14/08 03:05:21   Converting antismash.modules.clusterblast results to json
DEBUG    14/08 03:05:21   Converting antismash.modules.lanthipeptides results to json
DEBUG    14/08 03:05:21   Converting antismash.modules.lassopeptides results to json
DEBUG    14/08 03:05:21   Converting antismash.modules.nrps_pks results to json
DEBUG    14/08 03:05:21   Converting antismash.modules.pfam2go results to json
DEBUG    14/08 03:05:21   Converting antismash.modules.rrefinder results to json
DEBUG    14/08 03:05:21   Converting antismash.modules.sactipeptides results to json
DEBUG    14/08 03:05:21   Converting antismash.modules.t2pks results to json
DEBUG    14/08 03:05:21   Converting antismash.modules.terpene results to json
DEBUG    14/08 03:05:21   Converting antismash.modules.thiopeptides results to json
DEBUG    14/08 03:05:21   Converting antismash.modules.tta results to json
DEBUG    14/08 03:05:21   Record 2483 has results for modules: hmm_detection
DEBUG    14/08 03:05:21   Converting antismash.detection.hmm_detection results to json
DEBUG    14/08 03:05:21   Record 2488 has results for modules: hmm_detection
DEBUG    14/08 03:05:21   Converting antismash.detection.hmm_detection results to json
DEBUG    14/08 03:05:21   Record 2492 has results for modules: hmm_detection
DEBUG    14/08 03:05:21   Converting antismash.detection.hmm_detection results to json
DEBUG    14/08 03:05:21   Record 2495 has results for modules: hmm_detection
DEBUG    14/08 03:05:21   Converting antismash.detection.hmm_detection results to json
DEBUG    14/08 03:05:21   Record 2893 has results for modules: hmm_detection
DEBUG    14/08 03:05:21   Converting antismash.detection.hmm_detection results to json
DEBUG    14/08 03:05:21   Record 3065 has results for modules: hmm_detection
DEBUG    14/08 03:05:21   Converting antismash.detection.hmm_detection results to json
DEBUG    14/08 03:05:21   Record 3072 has results for modules: hmm_detection
DEBUG    14/08 03:05:21   Converting antismash.detection.hmm_detection results to json
DEBUG    14/08 03:05:21   Record 3075 has results for modules: hmm_detection
DEBUG    14/08 03:05:21   Converting antismash.detection.hmm_detection results to json
DEBUG    14/08 03:05:21   Record 3077 has results for modules: hmm_detection
DEBUG    14/08 03:05:21   Converting antismash.detection.hmm_detection results to json
DEBUG    14/08 03:05:21   Record 3092 has results for modules: hmm_detection
DEBUG    14/08 03:05:21   Converting antismash.detection.hmm_detection results to json
DEBUG    14/08 03:05:21   Record 3093 has results for modules: hmm_detection
DEBUG    14/08 03:05:21   Converting antismash.detection.hmm_detection results to json
DEBUG    14/08 03:05:21   Record 3094 has results for modules: hmm_detection
DEBUG    14/08 03:05:21   Converting antismash.detection.hmm_detection results to json
DEBUG    14/08 03:05:21   Record 3100 has results for modules: hmm_detection
DEBUG    14/08 03:05:21   Converting antismash.detection.hmm_detection results to json
DEBUG    14/08 03:05:21   Record 3101 has results for modules: hmm_detection
DEBUG    14/08 03:05:21   Converting antismash.detection.hmm_detection results to json
DEBUG    14/08 03:05:21   Record 3102 has results for modules: hmm_detection
DEBUG    14/08 03:05:21   Converting antismash.detection.hmm_detection results to json
DEBUG    14/08 03:05:21   Record 3106 has results for modules: hmm_detection
DEBUG    14/08 03:05:21   Converting antismash.detection.hmm_detection results to json
DEBUG    14/08 03:05:21   Record 3119 has results for modules: hmm_detection
DEBUG    14/08 03:05:21   Converting antismash.detection.hmm_detection results to json
DEBUG    14/08 03:05:23   Not annotating skipped record 1: No regions detected
DEBUG    14/08 03:05:23   Annotating record 24 with results from: hmm_detection, cluster_hmmer, genefunctions, nrps_pks_domains, tigrfam, active_site_finder, cluster_compare, clusterblast, lanthipeptides, lassopeptides, nrps_pks, pfam2go, rrefinder, sactipeptides, t2pks, terpene, thiopeptides, tta
DEBUG    14/08 03:05:23    Adding results from antismash.modules.active_site_finder
DEBUG    14/08 03:05:23    Adding results from antismash.modules.cluster_compare
DEBUG    14/08 03:05:23    Adding results from antismash.modules.clusterblast
DEBUG    14/08 03:05:23    Adding results from antismash.modules.lanthipeptides
DEBUG    14/08 03:05:23    Adding results from antismash.modules.lassopeptides
DEBUG    14/08 03:05:23    Adding results from antismash.modules.nrps_pks
DEBUG    14/08 03:05:23    Adding results from antismash.modules.pfam2go
DEBUG    14/08 03:05:23    Adding results from antismash.modules.rrefinder
DEBUG    14/08 03:05:23    Adding results from antismash.modules.sactipeptides
DEBUG    14/08 03:05:23    Adding results from antismash.modules.t2pks
DEBUG    14/08 03:05:23    Adding results from antismash.modules.terpene
DEBUG    14/08 03:05:23    Adding results from antismash.modules.thiopeptides
DEBUG    14/08 03:05:23    Adding results from antismash.modules.tta
DEBUG    14/08 03:05:23   Not annotating skipped record 25: No genes found
DEBUG    14/08 03:05:23   Not annotating skipped record 26: No genes found
DEBUG    14/08 03:05:23   Annotating record 256 with results from: hmm_detection, cluster_hmmer, genefunctions, nrps_pks_domains, tigrfam, active_site_finder, cluster_compare, clusterblast, lanthipeptides, lassopeptides, nrps_pks, pfam2go, rrefinder, sactipeptides, t2pks, terpene, thiopeptides, tta
DEBUG    14/08 03:05:23    Adding results from antismash.modules.active_site_finder
DEBUG    14/08 03:05:23    Adding results from antismash.modules.cluster_compare
DEBUG    14/08 03:05:23    Adding results from antismash.modules.clusterblast
DEBUG    14/08 03:05:23    Adding results from antismash.modules.lanthipeptides
DEBUG    14/08 03:05:23    Adding results from antismash.modules.lassopeptides
DEBUG    14/08 03:05:23    Adding results from antismash.modules.nrps_pks
DEBUG    14/08 03:05:23    Adding results from antismash.modules.pfam2go
DEBUG    14/08 03:05:23    Adding results from antismash.modules.rrefinder
DEBUG    14/08 03:05:23    Adding results from antismash.modules.sactipeptides
DEBUG    14/08 03:05:23    Adding results from antismash.modules.t2pks
DEBUG    14/08 03:05:23    Adding results from antismash.modules.terpene
DEBUG    14/08 03:05:23    Adding results from antismash.modules.thiopeptides
DEBUG    14/08 03:05:23    Adding results from antismash.modules.tta
DEBUG    14/08 03:05:23   Annotating record 258 with results from: hmm_detection, cluster_hmmer, genefunctions, nrps_pks_domains, tigrfam, active_site_finder, cluster_compare, clusterblast, lanthipeptides, lassopeptides, nrps_pks, pfam2go, rrefinder, sactipeptides, t2pks, terpene, thiopeptides, tta
DEBUG    14/08 03:05:23    Adding results from antismash.modules.active_site_finder
DEBUG    14/08 03:05:23    Adding results from antismash.modules.cluster_compare
DEBUG    14/08 03:05:23    Adding results from antismash.modules.clusterblast
DEBUG    14/08 03:05:23    Adding results from antismash.modules.lanthipeptides
DEBUG    14/08 03:05:23    Adding results from antismash.modules.lassopeptides
DEBUG    14/08 03:05:23    Adding results from antismash.modules.nrps_pks
DEBUG    14/08 03:05:23    Adding results from antismash.modules.pfam2go
DEBUG    14/08 03:05:23    Adding results from antismash.modules.rrefinder
DEBUG    14/08 03:05:23    Adding results from antismash.modules.sactipeptides
DEBUG    14/08 03:05:23    Adding results from antismash.modules.t2pks
DEBUG    14/08 03:05:23    Adding results from antismash.modules.terpene
DEBUG    14/08 03:05:23    Adding results from antismash.modules.thiopeptides
DEBUG    14/08 03:05:23    Adding results from antismash.modules.tta
DEBUG    14/08 03:05:23   Not annotating skipped record 259: No genes found
DEBUG    14/08 03:05:23   Annotating record 418 with results from: hmm_detection, cluster_hmmer, genefunctions, nrps_pks_domains, tigrfam, active_site_finder, cluster_compare, clusterblast, lanthipeptides, lassopeptides, nrps_pks, pfam2go, rrefinder, sactipeptides, t2pks, terpene, thiopeptides, tta
DEBUG    14/08 03:05:23    Adding results from antismash.modules.active_site_finder
DEBUG    14/08 03:05:23    Adding results from antismash.modules.cluster_compare
DEBUG    14/08 03:05:23    Adding results from antismash.modules.clusterblast
DEBUG    14/08 03:05:23    Adding results from antismash.modules.lanthipeptides
DEBUG    14/08 03:05:23    Adding results from antismash.modules.lassopeptides
DEBUG    14/08 03:05:23    Adding results from antismash.modules.nrps_pks
DEBUG    14/08 03:05:23    Adding results from antismash.modules.pfam2go
DEBUG    14/08 03:05:23    Adding results from antismash.modules.rrefinder
DEBUG    14/08 03:05:23    Adding results from antismash.modules.sactipeptides
DEBUG    14/08 03:05:23    Adding results from antismash.modules.t2pks
DEBUG    14/08 03:05:23    Adding results from antismash.modules.terpene
DEBUG    14/08 03:05:23    Adding results from antismash.modules.thiopeptides
DEBUG    14/08 03:05:23    Adding results from antismash.modules.tta
DEBUG    14/08 03:05:23   Not annotating skipped record 419: No genes found
DEBUG    14/08 03:05:23   Not annotating skipped record 420: No genes found
DEBUG    14/08 03:05:23   Not annotating skipped record 421: No genes found
DEBUG    14/08 03:05:23   Annotating record 431 with results from: hmm_detection, cluster_hmmer, genefunctions, nrps_pks_domains, tigrfam, active_site_finder, cluster_compare, clusterblast, lanthipeptides, lassopeptides, nrps_pks, pfam2go, rrefinder, sactipeptides, t2pks, terpene, thiopeptides, tta
DEBUG    14/08 03:05:23    Adding results from antismash.modules.active_site_finder
DEBUG    14/08 03:05:23    Adding results from antismash.modules.cluster_compare
DEBUG    14/08 03:05:23    Adding results from antismash.modules.clusterblast
DEBUG    14/08 03:05:23    Adding results from antismash.modules.lanthipeptides
DEBUG    14/08 03:05:23    Adding results from antismash.modules.lassopeptides
DEBUG    14/08 03:05:23    Adding results from antismash.modules.nrps_pks
DEBUG    14/08 03:05:23    Adding results from antismash.modules.pfam2go
DEBUG    14/08 03:05:23    Adding results from antismash.modules.rrefinder
DEBUG    14/08 03:05:23    Adding results from antismash.modules.sactipeptides
DEBUG    14/08 03:05:23    Adding results from antismash.modules.t2pks
DEBUG    14/08 03:05:23    Adding results from antismash.modules.terpene
DEBUG    14/08 03:05:23    Adding results from antismash.modules.thiopeptides
DEBUG    14/08 03:05:23    Adding results from antismash.modules.tta
DEBUG    14/08 03:05:23   Annotating record 432 with results from: hmm_detection, cluster_hmmer, genefunctions, nrps_pks_domains, tigrfam, active_site_finder, cluster_compare, clusterblast, lanthipeptides, lassopeptides, nrps_pks, pfam2go, rrefinder, sactipeptides, t2pks, terpene, thiopeptides, tta
DEBUG    14/08 03:05:23    Adding results from antismash.modules.active_site_finder
DEBUG    14/08 03:05:23    Adding results from antismash.modules.cluster_compare
DEBUG    14/08 03:05:23    Adding results from antismash.modules.clusterblast
DEBUG    14/08 03:05:23    Adding results from antismash.modules.lanthipeptides
DEBUG    14/08 03:05:23    Adding results from antismash.modules.lassopeptides
DEBUG    14/08 03:05:23    Adding results from antismash.modules.nrps_pks
DEBUG    14/08 03:05:23    Adding results from antismash.modules.pfam2go
DEBUG    14/08 03:05:23    Adding results from antismash.modules.rrefinder
DEBUG    14/08 03:05:23    Adding results from antismash.modules.sactipeptides
DEBUG    14/08 03:05:23    Adding results from antismash.modules.t2pks
DEBUG    14/08 03:05:23    Adding results from antismash.modules.terpene
DEBUG    14/08 03:05:23    Adding results from antismash.modules.thiopeptides
DEBUG    14/08 03:05:23    Adding results from antismash.modules.tta
DEBUG    14/08 03:05:23   Annotating record 433 with results from: hmm_detection, cluster_hmmer, genefunctions, nrps_pks_domains, tigrfam, active_site_finder, cluster_compare, clusterblast, lanthipeptides, lassopeptides, nrps_pks, pfam2go, rrefinder, sactipeptides, t2pks, terpene, thiopeptides, tta
DEBUG    14/08 03:05:23    Adding results from antismash.modules.active_site_finder
DEBUG    14/08 03:05:23    Adding results from antismash.modules.cluster_compare
DEBUG    14/08 03:05:23    Adding results from antismash.modules.clusterblast
DEBUG    14/08 03:05:23    Adding results from antismash.modules.lanthipeptides
DEBUG    14/08 03:05:23    Adding results from antismash.modules.lassopeptides
DEBUG    14/08 03:05:23    Adding results from antismash.modules.nrps_pks
DEBUG    14/08 03:05:23    Adding results from antismash.modules.pfam2go
DEBUG    14/08 03:05:23    Adding results from antismash.modules.rrefinder
DEBUG    14/08 03:05:23    Adding results from antismash.modules.sactipeptides
DEBUG    14/08 03:05:23    Adding results from antismash.modules.t2pks
DEBUG    14/08 03:05:23    Adding results from antismash.modules.terpene
DEBUG    14/08 03:05:23    Adding results from antismash.modules.thiopeptides
DEBUG    14/08 03:05:23    Adding results from antismash.modules.tta
DEBUG    14/08 03:05:23   Not annotating skipped record 434: No genes found
DEBUG    14/08 03:05:23   Not annotating skipped record 435: No genes found
DEBUG    14/08 03:05:23   Not annotating skipped record 436: No genes found
DEBUG    14/08 03:05:23   Annotating record 471 with results from: hmm_detection, cluster_hmmer, genefunctions, nrps_pks_domains, tigrfam, active_site_finder, cluster_compare, clusterblast, lanthipeptides, lassopeptides, nrps_pks, pfam2go, rrefinder, sactipeptides, t2pks, terpene, thiopeptides, tta
DEBUG    14/08 03:05:23    Adding results from antismash.modules.active_site_finder
DEBUG    14/08 03:05:23    Adding results from antismash.modules.cluster_compare
DEBUG    14/08 03:05:23    Adding results from antismash.modules.clusterblast
DEBUG    14/08 03:05:23    Adding results from antismash.modules.lanthipeptides
DEBUG    14/08 03:05:23    Adding results from antismash.modules.lassopeptides
DEBUG    14/08 03:05:23    Adding results from antismash.modules.nrps_pks
DEBUG    14/08 03:05:23    Adding results from antismash.modules.pfam2go
DEBUG    14/08 03:05:23    Adding results from antismash.modules.rrefinder
DEBUG    14/08 03:05:23    Adding results from antismash.modules.sactipeptides
DEBUG    14/08 03:05:23    Adding results from antismash.modules.t2pks
DEBUG    14/08 03:05:23    Adding results from antismash.modules.terpene
DEBUG    14/08 03:05:23    Adding results from antismash.modules.thiopeptides
DEBUG    14/08 03:05:23    Adding results from antismash.modules.tta
DEBUG    14/08 03:05:23   Annotating record 480 with results from: hmm_detection, cluster_hmmer, genefunctions, nrps_pks_domains, tigrfam, active_site_finder, cluster_compare, clusterblast, lanthipeptides, lassopeptides, nrps_pks, pfam2go, rrefinder, sactipeptides, t2pks, terpene, thiopeptides, tta
DEBUG    14/08 03:05:23    Adding results from antismash.modules.active_site_finder
DEBUG    14/08 03:05:23    Adding results from antismash.modules.cluster_compare
DEBUG    14/08 03:05:23    Adding results from antismash.modules.clusterblast
DEBUG    14/08 03:05:23    Adding results from antismash.modules.lanthipeptides
DEBUG    14/08 03:05:23    Adding results from antismash.modules.lassopeptides
DEBUG    14/08 03:05:23    Adding results from antismash.modules.nrps_pks
DEBUG    14/08 03:05:23    Adding results from antismash.modules.pfam2go
DEBUG    14/08 03:05:23    Adding results from antismash.modules.rrefinder
DEBUG    14/08 03:05:23    Adding results from antismash.modules.sactipeptides
DEBUG    14/08 03:05:23    Adding results from antismash.modules.t2pks
DEBUG    14/08 03:05:23    Adding results from antismash.modules.terpene
DEBUG    14/08 03:05:23    Adding results from antismash.modules.thiopeptides
DEBUG    14/08 03:05:23    Adding results from antismash.modules.tta
DEBUG    14/08 03:05:23   Annotating record 482 with results from: hmm_detection, cluster_hmmer, genefunctions, nrps_pks_domains, tigrfam, active_site_finder, cluster_compare, clusterblast, lanthipeptides, lassopeptides, nrps_pks, pfam2go, rrefinder, sactipeptides, t2pks, terpene, thiopeptides, tta
DEBUG    14/08 03:05:23    Adding results from antismash.modules.active_site_finder
DEBUG    14/08 03:05:23    Adding results from antismash.modules.cluster_compare
DEBUG    14/08 03:05:23    Adding results from antismash.modules.clusterblast
DEBUG    14/08 03:05:23    Adding results from antismash.modules.lanthipeptides
DEBUG    14/08 03:05:23    Adding results from antismash.modules.lassopeptides
DEBUG    14/08 03:05:23    Adding results from antismash.modules.nrps_pks
DEBUG    14/08 03:05:23    Adding results from antismash.modules.pfam2go
DEBUG    14/08 03:05:23    Adding results from antismash.modules.rrefinder
DEBUG    14/08 03:05:23    Adding results from antismash.modules.sactipeptides
DEBUG    14/08 03:05:23    Adding results from antismash.modules.t2pks
DEBUG    14/08 03:05:23    Adding results from antismash.modules.terpene
DEBUG    14/08 03:05:23    Adding results from antismash.modules.thiopeptides
DEBUG    14/08 03:05:23    Adding results from antismash.modules.tta
DEBUG    14/08 03:05:23   Annotating record 485 with results from: hmm_detection, cluster_hmmer, genefunctions, nrps_pks_domains, tigrfam, active_site_finder, cluster_compare, clusterblast, lanthipeptides, lassopeptides, nrps_pks, pfam2go, rrefinder, sactipeptides, t2pks, terpene, thiopeptides, tta
DEBUG    14/08 03:05:23    Adding results from antismash.modules.active_site_finder
DEBUG    14/08 03:05:23    Adding results from antismash.modules.cluster_compare
DEBUG    14/08 03:05:23    Adding results from antismash.modules.clusterblast
DEBUG    14/08 03:05:23    Adding results from antismash.modules.lanthipeptides
DEBUG    14/08 03:05:23    Adding results from antismash.modules.lassopeptides
DEBUG    14/08 03:05:23    Adding results from antismash.modules.nrps_pks
DEBUG    14/08 03:05:23    Adding results from antismash.modules.pfam2go
DEBUG    14/08 03:05:23    Adding results from antismash.modules.rrefinder
DEBUG    14/08 03:05:23    Adding results from antismash.modules.sactipeptides
DEBUG    14/08 03:05:23    Adding results from antismash.modules.t2pks
DEBUG    14/08 03:05:23    Adding results from antismash.modules.terpene
DEBUG    14/08 03:05:23    Adding results from antismash.modules.thiopeptides
DEBUG    14/08 03:05:23    Adding results from antismash.modules.tta
DEBUG    14/08 03:05:23   Annotating record 486 with results from: hmm_detection, cluster_hmmer, genefunctions, nrps_pks_domains, tigrfam, active_site_finder, cluster_compare, clusterblast, lanthipeptides, lassopeptides, nrps_pks, pfam2go, rrefinder, sactipeptides, t2pks, terpene, thiopeptides, tta
DEBUG    14/08 03:05:23    Adding results from antismash.modules.active_site_finder
DEBUG    14/08 03:05:23    Adding results from antismash.modules.cluster_compare
DEBUG    14/08 03:05:23    Adding results from antismash.modules.clusterblast
DEBUG    14/08 03:05:23    Adding results from antismash.modules.lanthipeptides
DEBUG    14/08 03:05:23    Adding results from antismash.modules.lassopeptides
DEBUG    14/08 03:05:23    Adding results from antismash.modules.nrps_pks
DEBUG    14/08 03:05:23    Adding results from antismash.modules.pfam2go
DEBUG    14/08 03:05:23    Adding results from antismash.modules.rrefinder
DEBUG    14/08 03:05:23    Adding results from antismash.modules.sactipeptides
DEBUG    14/08 03:05:23    Adding results from antismash.modules.t2pks
DEBUG    14/08 03:05:23    Adding results from antismash.modules.terpene
DEBUG    14/08 03:05:23    Adding results from antismash.modules.thiopeptides
DEBUG    14/08 03:05:23    Adding results from antismash.modules.tta
DEBUG    14/08 03:05:23   Annotating record 497 with results from: hmm_detection, cluster_hmmer, genefunctions, nrps_pks_domains, tigrfam, active_site_finder, cluster_compare, clusterblast, lanthipeptides, lassopeptides, nrps_pks, pfam2go, rrefinder, sactipeptides, t2pks, terpene, thiopeptides, tta
DEBUG    14/08 03:05:23    Adding results from antismash.modules.active_site_finder
DEBUG    14/08 03:05:23    Adding results from antismash.modules.cluster_compare
DEBUG    14/08 03:05:23    Adding results from antismash.modules.clusterblast
DEBUG    14/08 03:05:23    Adding results from antismash.modules.lanthipeptides
DEBUG    14/08 03:05:23    Adding results from antismash.modules.lassopeptides
DEBUG    14/08 03:05:23    Adding results from antismash.modules.nrps_pks
DEBUG    14/08 03:05:23    Adding results from antismash.modules.pfam2go
DEBUG    14/08 03:05:23    Adding results from antismash.modules.rrefinder
DEBUG    14/08 03:05:23    Adding results from antismash.modules.sactipeptides
DEBUG    14/08 03:05:23    Adding results from antismash.modules.t2pks
DEBUG    14/08 03:05:23    Adding results from antismash.modules.terpene
DEBUG    14/08 03:05:23    Adding results from antismash.modules.thiopeptides
DEBUG    14/08 03:05:23    Adding results from antismash.modules.tta
DEBUG    14/08 03:05:23   Not annotating skipped record 612: No regions detected
DEBUG    14/08 03:05:23   Annotating record 614 with results from: hmm_detection, cluster_hmmer, genefunctions, nrps_pks_domains, tigrfam, active_site_finder, cluster_compare, clusterblast, lanthipeptides, lassopeptides, nrps_pks, pfam2go, rrefinder, sactipeptides, t2pks, terpene, thiopeptides, tta
DEBUG    14/08 03:05:23    Adding results from antismash.modules.active_site_finder
DEBUG    14/08 03:05:23    Adding results from antismash.modules.cluster_compare
DEBUG    14/08 03:05:23    Adding results from antismash.modules.clusterblast
DEBUG    14/08 03:05:23    Adding results from antismash.modules.lanthipeptides
DEBUG    14/08 03:05:23    Adding results from antismash.modules.lassopeptides
DEBUG    14/08 03:05:23    Adding results from antismash.modules.nrps_pks
DEBUG    14/08 03:05:23    Adding results from antismash.modules.pfam2go
DEBUG    14/08 03:05:23    Adding results from antismash.modules.rrefinder
DEBUG    14/08 03:05:23    Adding results from antismash.modules.sactipeptides
DEBUG    14/08 03:05:23    Adding results from antismash.modules.t2pks
DEBUG    14/08 03:05:23    Adding results from antismash.modules.terpene
DEBUG    14/08 03:05:23    Adding results from antismash.modules.thiopeptides
DEBUG    14/08 03:05:23    Adding results from antismash.modules.tta
DEBUG    14/08 03:05:23   Not annotating skipped record 618: No regions detected
DEBUG    14/08 03:05:23   Annotating record 641 with results from: hmm_detection, cluster_hmmer, genefunctions, nrps_pks_domains, tigrfam, active_site_finder, cluster_compare, clusterblast, lanthipeptides, lassopeptides, nrps_pks, pfam2go, rrefinder, sactipeptides, t2pks, terpene, thiopeptides, tta
DEBUG    14/08 03:05:23    Adding results from antismash.modules.active_site_finder
DEBUG    14/08 03:05:23    Adding results from antismash.modules.cluster_compare
DEBUG    14/08 03:05:23    Adding results from antismash.modules.clusterblast
DEBUG    14/08 03:05:23    Adding results from antismash.modules.lanthipeptides
DEBUG    14/08 03:05:23    Adding results from antismash.modules.lassopeptides
DEBUG    14/08 03:05:23    Adding results from antismash.modules.nrps_pks
DEBUG    14/08 03:05:23    Adding results from antismash.modules.pfam2go
DEBUG    14/08 03:05:23    Adding results from antismash.modules.rrefinder
DEBUG    14/08 03:05:23    Adding results from antismash.modules.sactipeptides
DEBUG    14/08 03:05:23    Adding results from antismash.modules.t2pks
DEBUG    14/08 03:05:23    Adding results from antismash.modules.terpene
DEBUG    14/08 03:05:23    Adding results from antismash.modules.thiopeptides
DEBUG    14/08 03:05:23    Adding results from antismash.modules.tta
DEBUG    14/08 03:05:23   Not annotating skipped record 642: No genes found
DEBUG    14/08 03:05:23   Annotating record 702 with results from: hmm_detection, cluster_hmmer, genefunctions, nrps_pks_domains, tigrfam, active_site_finder, cluster_compare, clusterblast, lanthipeptides, lassopeptides, nrps_pks, pfam2go, rrefinder, sactipeptides, t2pks, terpene, thiopeptides, tta
DEBUG    14/08 03:05:23    Adding results from antismash.modules.active_site_finder
DEBUG    14/08 03:05:23    Adding results from antismash.modules.cluster_compare
DEBUG    14/08 03:05:23    Adding results from antismash.modules.clusterblast
DEBUG    14/08 03:05:23    Adding results from antismash.modules.lanthipeptides
DEBUG    14/08 03:05:23    Adding results from antismash.modules.lassopeptides
DEBUG    14/08 03:05:23    Adding results from antismash.modules.nrps_pks
DEBUG    14/08 03:05:23    Adding results from antismash.modules.pfam2go
DEBUG    14/08 03:05:23    Adding results from antismash.modules.rrefinder
DEBUG    14/08 03:05:23    Adding results from antismash.modules.sactipeptides
DEBUG    14/08 03:05:23    Adding results from antismash.modules.t2pks
DEBUG    14/08 03:05:23    Adding results from antismash.modules.terpene
DEBUG    14/08 03:05:23    Adding results from antismash.modules.thiopeptides
DEBUG    14/08 03:05:23    Adding results from antismash.modules.tta
DEBUG    14/08 03:05:23   Annotating record 703 with results from: hmm_detection, cluster_hmmer, genefunctions, nrps_pks_domains, tigrfam, active_site_finder, cluster_compare, clusterblast, lanthipeptides, lassopeptides, nrps_pks, pfam2go, rrefinder, sactipeptides, t2pks, terpene, thiopeptides, tta
DEBUG    14/08 03:05:23    Adding results from antismash.modules.active_site_finder
DEBUG    14/08 03:05:23    Adding results from antismash.modules.cluster_compare
DEBUG    14/08 03:05:23    Adding results from antismash.modules.clusterblast
DEBUG    14/08 03:05:23    Adding results from antismash.modules.lanthipeptides
DEBUG    14/08 03:05:23    Adding results from antismash.modules.lassopeptides
DEBUG    14/08 03:05:23    Adding results from antismash.modules.nrps_pks
DEBUG    14/08 03:05:23    Adding results from antismash.modules.pfam2go
DEBUG    14/08 03:05:23    Adding results from antismash.modules.rrefinder
DEBUG    14/08 03:05:23    Adding results from antismash.modules.sactipeptides
DEBUG    14/08 03:05:23    Adding results from antismash.modules.t2pks
DEBUG    14/08 03:05:23    Adding results from antismash.modules.terpene
DEBUG    14/08 03:05:23    Adding results from antismash.modules.thiopeptides
DEBUG    14/08 03:05:23    Adding results from antismash.modules.tta
DEBUG    14/08 03:05:23   Not annotating skipped record 704: No genes found
DEBUG    14/08 03:05:23   Not annotating skipped record 705: No genes found
DEBUG    14/08 03:05:23   Annotating record 815 with results from: hmm_detection, cluster_hmmer, genefunctions, nrps_pks_domains, tigrfam, active_site_finder, cluster_compare, clusterblast, lanthipeptides, lassopeptides, nrps_pks, pfam2go, rrefinder, sactipeptides, t2pks, terpene, thiopeptides, tta
DEBUG    14/08 03:05:23    Adding results from antismash.modules.active_site_finder
DEBUG    14/08 03:05:23    Adding results from antismash.modules.cluster_compare
DEBUG    14/08 03:05:23    Adding results from antismash.modules.clusterblast
DEBUG    14/08 03:05:23    Adding results from antismash.modules.lanthipeptides
DEBUG    14/08 03:05:23    Adding results from antismash.modules.lassopeptides
DEBUG    14/08 03:05:23    Adding results from antismash.modules.nrps_pks
DEBUG    14/08 03:05:23    Adding results from antismash.modules.pfam2go
DEBUG    14/08 03:05:23    Adding results from antismash.modules.rrefinder
DEBUG    14/08 03:05:23    Adding results from antismash.modules.sactipeptides
DEBUG    14/08 03:05:23    Adding results from antismash.modules.t2pks
DEBUG    14/08 03:05:23    Adding results from antismash.modules.terpene
DEBUG    14/08 03:05:23    Adding results from antismash.modules.thiopeptides
DEBUG    14/08 03:05:23    Adding results from antismash.modules.tta
DEBUG    14/08 03:05:23   Annotating record 826 with results from: hmm_detection, cluster_hmmer, genefunctions, nrps_pks_domains, tigrfam, active_site_finder, cluster_compare, clusterblast, lanthipeptides, lassopeptides, nrps_pks, pfam2go, rrefinder, sactipeptides, t2pks, terpene, thiopeptides, tta
DEBUG    14/08 03:05:23    Adding results from antismash.modules.active_site_finder
DEBUG    14/08 03:05:23    Adding results from antismash.modules.cluster_compare
DEBUG    14/08 03:05:23    Adding results from antismash.modules.clusterblast
DEBUG    14/08 03:05:23    Adding results from antismash.modules.lanthipeptides
DEBUG    14/08 03:05:23    Adding results from antismash.modules.lassopeptides
DEBUG    14/08 03:05:23    Adding results from antismash.modules.nrps_pks
DEBUG    14/08 03:05:23    Adding results from antismash.modules.pfam2go
DEBUG    14/08 03:05:23    Adding results from antismash.modules.rrefinder
DEBUG    14/08 03:05:23    Adding results from antismash.modules.sactipeptides
DEBUG    14/08 03:05:23    Adding results from antismash.modules.t2pks
DEBUG    14/08 03:05:23    Adding results from antismash.modules.terpene
DEBUG    14/08 03:05:23    Adding results from antismash.modules.thiopeptides
DEBUG    14/08 03:05:23    Adding results from antismash.modules.tta
DEBUG    14/08 03:05:23   Annotating record 827 with results from: hmm_detection, cluster_hmmer, genefunctions, nrps_pks_domains, tigrfam, active_site_finder, cluster_compare, clusterblast, lanthipeptides, lassopeptides, nrps_pks, pfam2go, rrefinder, sactipeptides, t2pks, terpene, thiopeptides, tta
DEBUG    14/08 03:05:23    Adding results from antismash.modules.active_site_finder
DEBUG    14/08 03:05:23    Adding results from antismash.modules.cluster_compare
DEBUG    14/08 03:05:23    Adding results from antismash.modules.clusterblast
DEBUG    14/08 03:05:23    Adding results from antismash.modules.lanthipeptides
DEBUG    14/08 03:05:23    Adding results from antismash.modules.lassopeptides
DEBUG    14/08 03:05:23    Adding results from antismash.modules.nrps_pks
DEBUG    14/08 03:05:23    Adding results from antismash.modules.pfam2go
DEBUG    14/08 03:05:23    Adding results from antismash.modules.rrefinder
DEBUG    14/08 03:05:23    Adding results from antismash.modules.sactipeptides
DEBUG    14/08 03:05:23    Adding results from antismash.modules.t2pks
DEBUG    14/08 03:05:23    Adding results from antismash.modules.terpene
DEBUG    14/08 03:05:23    Adding results from antismash.modules.thiopeptides
DEBUG    14/08 03:05:23    Adding results from antismash.modules.tta
DEBUG    14/08 03:05:23   Not annotating skipped record 828: No genes found
DEBUG    14/08 03:05:23   Not annotating skipped record 829: No genes found
DEBUG    14/08 03:05:23   Not annotating skipped record 849: No regions detected
DEBUG    14/08 03:05:23   Not annotating skipped record 850: No genes found
DEBUG    14/08 03:05:23   Annotating record 904 with results from: hmm_detection, cluster_hmmer, genefunctions, nrps_pks_domains, tigrfam, active_site_finder, cluster_compare, clusterblast, lanthipeptides, lassopeptides, nrps_pks, pfam2go, rrefinder, sactipeptides, t2pks, terpene, thiopeptides, tta
DEBUG    14/08 03:05:23    Adding results from antismash.modules.active_site_finder
DEBUG    14/08 03:05:23    Adding results from antismash.modules.cluster_compare
DEBUG    14/08 03:05:23    Adding results from antismash.modules.clusterblast
DEBUG    14/08 03:05:23    Adding results from antismash.modules.lanthipeptides
DEBUG    14/08 03:05:23    Adding results from antismash.modules.lassopeptides
DEBUG    14/08 03:05:23    Adding results from antismash.modules.nrps_pks
DEBUG    14/08 03:05:23    Adding results from antismash.modules.pfam2go
DEBUG    14/08 03:05:23    Adding results from antismash.modules.rrefinder
DEBUG    14/08 03:05:23    Adding results from antismash.modules.sactipeptides
DEBUG    14/08 03:05:23    Adding results from antismash.modules.t2pks
DEBUG    14/08 03:05:23    Adding results from antismash.modules.terpene
DEBUG    14/08 03:05:23    Adding results from antismash.modules.thiopeptides
DEBUG    14/08 03:05:23    Adding results from antismash.modules.tta
DEBUG    14/08 03:05:23   Not annotating skipped record 905: No genes found
DEBUG    14/08 03:05:23   Not annotating skipped record 959: No regions detected
DEBUG    14/08 03:05:23   Annotating record 960 with results from: hmm_detection, cluster_hmmer, genefunctions, nrps_pks_domains, tigrfam, active_site_finder, cluster_compare, clusterblast, lanthipeptides, lassopeptides, nrps_pks, pfam2go, rrefinder, sactipeptides, t2pks, terpene, thiopeptides, tta
DEBUG    14/08 03:05:23    Adding results from antismash.modules.active_site_finder
DEBUG    14/08 03:05:23    Adding results from antismash.modules.cluster_compare
DEBUG    14/08 03:05:23    Adding results from antismash.modules.clusterblast
DEBUG    14/08 03:05:23    Adding results from antismash.modules.lanthipeptides
DEBUG    14/08 03:05:23    Adding results from antismash.modules.lassopeptides
DEBUG    14/08 03:05:23    Adding results from antismash.modules.nrps_pks
DEBUG    14/08 03:05:23    Adding results from antismash.modules.pfam2go
DEBUG    14/08 03:05:23    Adding results from antismash.modules.rrefinder
DEBUG    14/08 03:05:23    Adding results from antismash.modules.sactipeptides
DEBUG    14/08 03:05:23    Adding results from antismash.modules.t2pks
DEBUG    14/08 03:05:23    Adding results from antismash.modules.terpene
DEBUG    14/08 03:05:23    Adding results from antismash.modules.thiopeptides
DEBUG    14/08 03:05:23    Adding results from antismash.modules.tta
DEBUG    14/08 03:05:23   Not annotating skipped record 961: No regions detected
DEBUG    14/08 03:05:23   Not annotating skipped record 962: No genes found
DEBUG    14/08 03:05:23   Not annotating skipped record 963: No genes found
DEBUG    14/08 03:05:23   Not annotating skipped record 964: No genes found
DEBUG    14/08 03:05:23   Not annotating skipped record 965: No genes found
DEBUG    14/08 03:05:23   Not annotating skipped record 966: No regions detected
DEBUG    14/08 03:05:23   Not annotating skipped record 967: No genes found
DEBUG    14/08 03:05:23   Not annotating skipped record 968: No genes found
DEBUG    14/08 03:05:23   Not annotating skipped record 969: No regions detected
DEBUG    14/08 03:05:23   Not annotating skipped record 970: No genes found
DEBUG    14/08 03:05:23   Annotating record 1334 with results from: hmm_detection, cluster_hmmer, genefunctions, nrps_pks_domains, tigrfam, active_site_finder, cluster_compare, clusterblast, lanthipeptides, lassopeptides, nrps_pks, pfam2go, rrefinder, sactipeptides, t2pks, terpene, thiopeptides, tta
DEBUG    14/08 03:05:23    Adding results from antismash.modules.active_site_finder
DEBUG    14/08 03:05:23    Adding results from antismash.modules.cluster_compare
DEBUG    14/08 03:05:23    Adding results from antismash.modules.clusterblast
DEBUG    14/08 03:05:23    Adding results from antismash.modules.lanthipeptides
DEBUG    14/08 03:05:23    Adding results from antismash.modules.lassopeptides
DEBUG    14/08 03:05:23    Adding results from antismash.modules.nrps_pks
DEBUG    14/08 03:05:23    Adding results from antismash.modules.pfam2go
DEBUG    14/08 03:05:23    Adding results from antismash.modules.rrefinder
DEBUG    14/08 03:05:23    Adding results from antismash.modules.sactipeptides
DEBUG    14/08 03:05:23    Adding results from antismash.modules.t2pks
DEBUG    14/08 03:05:23    Adding results from antismash.modules.terpene
DEBUG    14/08 03:05:23    Adding results from antismash.modules.thiopeptides
DEBUG    14/08 03:05:23    Adding results from antismash.modules.tta
DEBUG    14/08 03:05:23   Not annotating skipped record 1335: No genes found
DEBUG    14/08 03:05:23   Not annotating skipped record 1339: No regions detected
DEBUG    14/08 03:05:23   Annotating record 1340 with results from: hmm_detection, cluster_hmmer, genefunctions, nrps_pks_domains, tigrfam, active_site_finder, cluster_compare, clusterblast, lanthipeptides, lassopeptides, nrps_pks, pfam2go, rrefinder, sactipeptides, t2pks, terpene, thiopeptides, tta
DEBUG    14/08 03:05:23    Adding results from antismash.modules.active_site_finder
DEBUG    14/08 03:05:23    Adding results from antismash.modules.cluster_compare
DEBUG    14/08 03:05:23    Adding results from antismash.modules.clusterblast
DEBUG    14/08 03:05:23    Adding results from antismash.modules.lanthipeptides
DEBUG    14/08 03:05:23    Adding results from antismash.modules.lassopeptides
DEBUG    14/08 03:05:23    Adding results from antismash.modules.nrps_pks
DEBUG    14/08 03:05:23    Adding results from antismash.modules.pfam2go
DEBUG    14/08 03:05:23    Adding results from antismash.modules.rrefinder
DEBUG    14/08 03:05:23    Adding results from antismash.modules.sactipeptides
DEBUG    14/08 03:05:23    Adding results from antismash.modules.t2pks
DEBUG    14/08 03:05:23    Adding results from antismash.modules.terpene
DEBUG    14/08 03:05:23    Adding results from antismash.modules.thiopeptides
DEBUG    14/08 03:05:23    Adding results from antismash.modules.tta
DEBUG    14/08 03:05:23   Not annotating skipped record 1341: No regions detected
DEBUG    14/08 03:05:23   Not annotating skipped record 1370: No regions detected
DEBUG    14/08 03:05:23   Not annotating skipped record 1371: No genes found
DEBUG    14/08 03:05:23   Not annotating skipped record 1372: No regions detected
DEBUG    14/08 03:05:23   Not annotating skipped record 1373: No genes found
DEBUG    14/08 03:05:23   Not annotating skipped record 1374: No regions detected
DEBUG    14/08 03:05:23   Not annotating skipped record 1375: No genes found
DEBUG    14/08 03:05:23   Annotating record 1845 with results from: hmm_detection, cluster_hmmer, genefunctions, nrps_pks_domains, tigrfam, active_site_finder, cluster_compare, clusterblast, lanthipeptides, lassopeptides, nrps_pks, pfam2go, rrefinder, sactipeptides, t2pks, terpene, thiopeptides, tta
DEBUG    14/08 03:05:23    Adding results from antismash.modules.active_site_finder
DEBUG    14/08 03:05:23    Adding results from antismash.modules.cluster_compare
DEBUG    14/08 03:05:23    Adding results from antismash.modules.clusterblast
DEBUG    14/08 03:05:23    Adding results from antismash.modules.lanthipeptides
DEBUG    14/08 03:05:23    Adding results from antismash.modules.lassopeptides
DEBUG    14/08 03:05:23    Adding results from antismash.modules.nrps_pks
DEBUG    14/08 03:05:23    Adding results from antismash.modules.pfam2go
DEBUG    14/08 03:05:23    Adding results from antismash.modules.rrefinder
DEBUG    14/08 03:05:23    Adding results from antismash.modules.sactipeptides
DEBUG    14/08 03:05:23    Adding results from antismash.modules.t2pks
DEBUG    14/08 03:05:23    Adding results from antismash.modules.terpene
DEBUG    14/08 03:05:23    Adding results from antismash.modules.thiopeptides
DEBUG    14/08 03:05:23    Adding results from antismash.modules.tta
DEBUG    14/08 03:05:23   Not annotating skipped record 1878: No regions detected
DEBUG    14/08 03:05:23   Not annotating skipped record 1881: No regions detected
DEBUG    14/08 03:05:23   Not annotating skipped record 1882: No regions detected
DEBUG    14/08 03:05:23   Not annotating skipped record 1883: No genes found
DEBUG    14/08 03:05:23   Not annotating skipped record 1914: No regions detected
DEBUG    14/08 03:05:23   Not annotating skipped record 1915: No genes found
DEBUG    14/08 03:05:23   Annotating record 1924 with results from: hmm_detection, cluster_hmmer, genefunctions, nrps_pks_domains, tigrfam, active_site_finder, cluster_compare, clusterblast, lanthipeptides, lassopeptides, nrps_pks, pfam2go, rrefinder, sactipeptides, t2pks, terpene, thiopeptides, tta
DEBUG    14/08 03:05:23    Adding results from antismash.modules.active_site_finder
DEBUG    14/08 03:05:23    Adding results from antismash.modules.cluster_compare
DEBUG    14/08 03:05:23    Adding results from antismash.modules.clusterblast
DEBUG    14/08 03:05:23    Adding results from antismash.modules.lanthipeptides
DEBUG    14/08 03:05:23    Adding results from antismash.modules.lassopeptides
DEBUG    14/08 03:05:23    Adding results from antismash.modules.nrps_pks
DEBUG    14/08 03:05:23    Adding results from antismash.modules.pfam2go
DEBUG    14/08 03:05:23    Adding results from antismash.modules.rrefinder
DEBUG    14/08 03:05:23    Adding results from antismash.modules.sactipeptides
DEBUG    14/08 03:05:23    Adding results from antismash.modules.t2pks
DEBUG    14/08 03:05:23    Adding results from antismash.modules.terpene
DEBUG    14/08 03:05:23    Adding results from antismash.modules.thiopeptides
DEBUG    14/08 03:05:23    Adding results from antismash.modules.tta
DEBUG    14/08 03:05:23   Not annotating skipped record 1925: No genes found
DEBUG    14/08 03:05:23   Annotating record 2001 with results from: hmm_detection, cluster_hmmer, genefunctions, nrps_pks_domains, tigrfam, active_site_finder, cluster_compare, clusterblast, lanthipeptides, lassopeptides, nrps_pks, pfam2go, rrefinder, sactipeptides, t2pks, terpene, thiopeptides, tta
DEBUG    14/08 03:05:23    Adding results from antismash.modules.active_site_finder
DEBUG    14/08 03:05:23    Adding results from antismash.modules.cluster_compare
DEBUG    14/08 03:05:23    Adding results from antismash.modules.clusterblast
DEBUG    14/08 03:05:23    Adding results from antismash.modules.lanthipeptides
DEBUG    14/08 03:05:23    Adding results from antismash.modules.lassopeptides
DEBUG    14/08 03:05:23    Adding results from antismash.modules.nrps_pks
DEBUG    14/08 03:05:23    Adding results from antismash.modules.pfam2go
DEBUG    14/08 03:05:23    Adding results from antismash.modules.rrefinder
DEBUG    14/08 03:05:23    Adding results from antismash.modules.sactipeptides
DEBUG    14/08 03:05:23    Adding results from antismash.modules.t2pks
DEBUG    14/08 03:05:23    Adding results from antismash.modules.terpene
DEBUG    14/08 03:05:23    Adding results from antismash.modules.thiopeptides
DEBUG    14/08 03:05:23    Adding results from antismash.modules.tta
DEBUG    14/08 03:05:23   Not annotating skipped record 2483: No regions detected
DEBUG    14/08 03:05:23   Not annotating skipped record 2488: No regions detected
DEBUG    14/08 03:05:23   Not annotating skipped record 2492: No regions detected
DEBUG    14/08 03:05:23   Not annotating skipped record 2495: No regions detected
DEBUG    14/08 03:05:23   Not annotating skipped record 2496: No genes found
DEBUG    14/08 03:05:23   Not annotating skipped record 2497: No genes found
DEBUG    14/08 03:05:23   Not annotating skipped record 2498: No genes found
DEBUG    14/08 03:05:23   Not annotating skipped record 2893: No regions detected
DEBUG    14/08 03:05:23   Not annotating skipped record 2894: No genes found
DEBUG    14/08 03:05:23   Not annotating skipped record 3065: No regions detected
DEBUG    14/08 03:05:23   Not annotating skipped record 3066: No genes found
DEBUG    14/08 03:05:23   Not annotating skipped record 3072: No regions detected
DEBUG    14/08 03:05:23   Not annotating skipped record 3075: No regions detected
DEBUG    14/08 03:05:23   Not annotating skipped record 3077: No regions detected
DEBUG    14/08 03:05:23   Not annotating skipped record 3092: No regions detected
DEBUG    14/08 03:05:23   Not annotating skipped record 3093: No regions detected
DEBUG    14/08 03:05:23   Not annotating skipped record 3094: No regions detected
DEBUG    14/08 03:05:23   Not annotating skipped record 3099: No genes found
DEBUG    14/08 03:05:23   Not annotating skipped record 3100: No regions detected
DEBUG    14/08 03:05:23   Not annotating skipped record 3101: No regions detected
DEBUG    14/08 03:05:23   Not annotating skipped record 3102: No regions detected
DEBUG    14/08 03:05:23   Not annotating skipped record 3106: No regions detected
DEBUG    14/08 03:05:23   Not annotating skipped record 3119: No regions detected
DEBUG    14/08 03:05:23   Writing non-HTML output files
DEBUG    14/08 03:05:23    Writing relevant output files for antismash.detection.hmm_detection
DEBUG    14/08 03:05:23    Writing relevant output files for antismash.detection.hmm_detection
DEBUG    14/08 03:05:23    Writing relevant output files for antismash.detection.cluster_hmmer
DEBUG    14/08 03:05:23    Writing relevant output files for antismash.detection.genefunctions
DEBUG    14/08 03:05:23    Writing relevant output files for antismash.detection.nrps_pks_domains
DEBUG    14/08 03:05:23    Writing relevant output files for antismash.detection.tigrfam
DEBUG    14/08 03:05:23    Writing relevant output files for antismash.modules.active_site_finder
DEBUG    14/08 03:05:23    Writing relevant output files for antismash.modules.cluster_compare
DEBUG    14/08 03:05:23    Writing relevant output files for antismash.modules.clusterblast
DEBUG    14/08 03:05:28    Writing relevant output files for antismash.modules.lanthipeptides
DEBUG    14/08 03:05:28    Writing relevant output files for antismash.modules.lassopeptides
DEBUG    14/08 03:05:28    Writing relevant output files for antismash.modules.nrps_pks
DEBUG    14/08 03:05:28    Writing relevant output files for antismash.modules.pfam2go
DEBUG    14/08 03:05:28    Writing relevant output files for antismash.modules.rrefinder
DEBUG    14/08 03:05:28    Writing relevant output files for antismash.modules.sactipeptides
DEBUG    14/08 03:05:28    Writing relevant output files for antismash.modules.t2pks
DEBUG    14/08 03:05:28    Writing relevant output files for antismash.modules.terpene
DEBUG    14/08 03:05:28    Writing relevant output files for antismash.modules.thiopeptides
DEBUG    14/08 03:05:28    Writing relevant output files for antismash.modules.tta
DEBUG    14/08 03:05:28    Writing relevant output files for antismash.detection.hmm_detection
DEBUG    14/08 03:05:28    Writing relevant output files for antismash.detection.cluster_hmmer
DEBUG    14/08 03:05:28    Writing relevant output files for antismash.detection.genefunctions
DEBUG    14/08 03:05:28    Writing relevant output files for antismash.detection.nrps_pks_domains
DEBUG    14/08 03:05:28    Writing relevant output files for antismash.detection.tigrfam
DEBUG    14/08 03:05:28    Writing relevant output files for antismash.modules.active_site_finder
DEBUG    14/08 03:05:28    Writing relevant output files for antismash.modules.cluster_compare
DEBUG    14/08 03:05:28    Writing relevant output files for antismash.modules.clusterblast
DEBUG    14/08 03:05:31    Writing relevant output files for antismash.modules.lanthipeptides
DEBUG    14/08 03:05:31    Writing relevant output files for antismash.modules.lassopeptides
DEBUG    14/08 03:05:31    Writing relevant output files for antismash.modules.nrps_pks
DEBUG    14/08 03:05:31    Writing relevant output files for antismash.modules.pfam2go
DEBUG    14/08 03:05:31    Writing relevant output files for antismash.modules.rrefinder
DEBUG    14/08 03:05:31    Writing relevant output files for antismash.modules.sactipeptides
DEBUG    14/08 03:05:31    Writing relevant output files for antismash.modules.t2pks
DEBUG    14/08 03:05:31    Writing relevant output files for antismash.modules.terpene
DEBUG    14/08 03:05:31    Writing relevant output files for antismash.modules.thiopeptides
DEBUG    14/08 03:05:31    Writing relevant output files for antismash.modules.tta
DEBUG    14/08 03:05:31    Writing relevant output files for antismash.detection.hmm_detection
DEBUG    14/08 03:05:31    Writing relevant output files for antismash.detection.cluster_hmmer
DEBUG    14/08 03:05:31    Writing relevant output files for antismash.detection.genefunctions
DEBUG    14/08 03:05:31    Writing relevant output files for antismash.detection.nrps_pks_domains
DEBUG    14/08 03:05:31    Writing relevant output files for antismash.detection.tigrfam
DEBUG    14/08 03:05:31    Writing relevant output files for antismash.modules.active_site_finder
DEBUG    14/08 03:05:31    Writing relevant output files for antismash.modules.cluster_compare
DEBUG    14/08 03:05:31    Writing relevant output files for antismash.modules.clusterblast
DEBUG    14/08 03:05:32    Writing relevant output files for antismash.modules.lanthipeptides
DEBUG    14/08 03:05:32    Writing relevant output files for antismash.modules.lassopeptides
DEBUG    14/08 03:05:32    Writing relevant output files for antismash.modules.nrps_pks
DEBUG    14/08 03:05:32    Writing relevant output files for antismash.modules.pfam2go
DEBUG    14/08 03:05:32    Writing relevant output files for antismash.modules.rrefinder
DEBUG    14/08 03:05:32    Writing relevant output files for antismash.modules.sactipeptides
DEBUG    14/08 03:05:32    Writing relevant output files for antismash.modules.t2pks
DEBUG    14/08 03:05:32    Writing relevant output files for antismash.modules.terpene
DEBUG    14/08 03:05:32    Writing relevant output files for antismash.modules.thiopeptides
DEBUG    14/08 03:05:32    Writing relevant output files for antismash.modules.tta
DEBUG    14/08 03:05:32    Writing relevant output files for antismash.detection.hmm_detection
DEBUG    14/08 03:05:32    Writing relevant output files for antismash.detection.cluster_hmmer
DEBUG    14/08 03:05:32    Writing relevant output files for antismash.detection.genefunctions
DEBUG    14/08 03:05:32    Writing relevant output files for antismash.detection.nrps_pks_domains
DEBUG    14/08 03:05:32    Writing relevant output files for antismash.detection.tigrfam
DEBUG    14/08 03:05:32    Writing relevant output files for antismash.modules.active_site_finder
DEBUG    14/08 03:05:32    Writing relevant output files for antismash.modules.cluster_compare
DEBUG    14/08 03:05:32    Writing relevant output files for antismash.modules.clusterblast
DEBUG    14/08 03:05:37    Writing relevant output files for antismash.modules.lanthipeptides
DEBUG    14/08 03:05:37    Writing relevant output files for antismash.modules.lassopeptides
DEBUG    14/08 03:05:37    Writing relevant output files for antismash.modules.nrps_pks
DEBUG    14/08 03:05:37    Writing relevant output files for antismash.modules.pfam2go
DEBUG    14/08 03:05:37    Writing relevant output files for antismash.modules.rrefinder
DEBUG    14/08 03:05:37    Writing relevant output files for antismash.modules.sactipeptides
DEBUG    14/08 03:05:37    Writing relevant output files for antismash.modules.t2pks
DEBUG    14/08 03:05:37    Writing relevant output files for antismash.modules.terpene
DEBUG    14/08 03:05:37    Writing relevant output files for antismash.modules.thiopeptides
DEBUG    14/08 03:05:37    Writing relevant output files for antismash.modules.tta
DEBUG    14/08 03:05:37    Writing relevant output files for antismash.detection.hmm_detection
DEBUG    14/08 03:05:37    Writing relevant output files for antismash.detection.cluster_hmmer
DEBUG    14/08 03:05:37    Writing relevant output files for antismash.detection.genefunctions
DEBUG    14/08 03:05:37    Writing relevant output files for antismash.detection.nrps_pks_domains
DEBUG    14/08 03:05:37    Writing relevant output files for antismash.detection.tigrfam
DEBUG    14/08 03:05:37    Writing relevant output files for antismash.modules.active_site_finder
DEBUG    14/08 03:05:37    Writing relevant output files for antismash.modules.cluster_compare
DEBUG    14/08 03:05:37    Writing relevant output files for antismash.modules.clusterblast
DEBUG    14/08 03:05:37    Writing relevant output files for antismash.modules.lanthipeptides
DEBUG    14/08 03:05:37    Writing relevant output files for antismash.modules.lassopeptides
DEBUG    14/08 03:05:37    Writing relevant output files for antismash.modules.nrps_pks
DEBUG    14/08 03:05:37    Writing relevant output files for antismash.modules.pfam2go
DEBUG    14/08 03:05:37    Writing relevant output files for antismash.modules.rrefinder
DEBUG    14/08 03:05:37    Writing relevant output files for antismash.modules.sactipeptides
DEBUG    14/08 03:05:37    Writing relevant output files for antismash.modules.t2pks
DEBUG    14/08 03:05:37    Writing relevant output files for antismash.modules.terpene
DEBUG    14/08 03:05:37    Writing relevant output files for antismash.modules.thiopeptides
DEBUG    14/08 03:05:37    Writing relevant output files for antismash.modules.tta
DEBUG    14/08 03:05:37    Writing relevant output files for antismash.detection.hmm_detection
DEBUG    14/08 03:05:37    Writing relevant output files for antismash.detection.cluster_hmmer
DEBUG    14/08 03:05:37    Writing relevant output files for antismash.detection.genefunctions
DEBUG    14/08 03:05:37    Writing relevant output files for antismash.detection.nrps_pks_domains
DEBUG    14/08 03:05:37    Writing relevant output files for antismash.detection.tigrfam
DEBUG    14/08 03:05:37    Writing relevant output files for antismash.modules.active_site_finder
DEBUG    14/08 03:05:37    Writing relevant output files for antismash.modules.cluster_compare
DEBUG    14/08 03:05:37    Writing relevant output files for antismash.modules.clusterblast
DEBUG    14/08 03:05:37    Writing relevant output files for antismash.modules.lanthipeptides
DEBUG    14/08 03:05:37    Writing relevant output files for antismash.modules.lassopeptides
DEBUG    14/08 03:05:37    Writing relevant output files for antismash.modules.nrps_pks
DEBUG    14/08 03:05:37    Writing relevant output files for antismash.modules.pfam2go
DEBUG    14/08 03:05:37    Writing relevant output files for antismash.modules.rrefinder
DEBUG    14/08 03:05:37    Writing relevant output files for antismash.modules.sactipeptides
DEBUG    14/08 03:05:37    Writing relevant output files for antismash.modules.t2pks
DEBUG    14/08 03:05:37    Writing relevant output files for antismash.modules.terpene
DEBUG    14/08 03:05:37    Writing relevant output files for antismash.modules.thiopeptides
DEBUG    14/08 03:05:37    Writing relevant output files for antismash.modules.tta
DEBUG    14/08 03:05:37    Writing relevant output files for antismash.detection.hmm_detection
DEBUG    14/08 03:05:37    Writing relevant output files for antismash.detection.cluster_hmmer
DEBUG    14/08 03:05:37    Writing relevant output files for antismash.detection.genefunctions
DEBUG    14/08 03:05:37    Writing relevant output files for antismash.detection.nrps_pks_domains
DEBUG    14/08 03:05:37    Writing relevant output files for antismash.detection.tigrfam
DEBUG    14/08 03:05:37    Writing relevant output files for antismash.modules.active_site_finder
DEBUG    14/08 03:05:37    Writing relevant output files for antismash.modules.cluster_compare
DEBUG    14/08 03:05:37    Writing relevant output files for antismash.modules.clusterblast
DEBUG    14/08 03:05:40    Writing relevant output files for antismash.modules.lanthipeptides
DEBUG    14/08 03:05:40    Writing relevant output files for antismash.modules.lassopeptides
DEBUG    14/08 03:05:40    Writing relevant output files for antismash.modules.nrps_pks
DEBUG    14/08 03:05:40    Writing relevant output files for antismash.modules.pfam2go
DEBUG    14/08 03:05:40    Writing relevant output files for antismash.modules.rrefinder
DEBUG    14/08 03:05:40    Writing relevant output files for antismash.modules.sactipeptides
DEBUG    14/08 03:05:40    Writing relevant output files for antismash.modules.t2pks
DEBUG    14/08 03:05:40    Writing relevant output files for antismash.modules.terpene
DEBUG    14/08 03:05:40    Writing relevant output files for antismash.modules.thiopeptides
DEBUG    14/08 03:05:40    Writing relevant output files for antismash.modules.tta
DEBUG    14/08 03:05:40    Writing relevant output files for antismash.detection.hmm_detection
DEBUG    14/08 03:05:40    Writing relevant output files for antismash.detection.cluster_hmmer
DEBUG    14/08 03:05:40    Writing relevant output files for antismash.detection.genefunctions
DEBUG    14/08 03:05:40    Writing relevant output files for antismash.detection.nrps_pks_domains
DEBUG    14/08 03:05:40    Writing relevant output files for antismash.detection.tigrfam
DEBUG    14/08 03:05:40    Writing relevant output files for antismash.modules.active_site_finder
DEBUG    14/08 03:05:40    Writing relevant output files for antismash.modules.cluster_compare
DEBUG    14/08 03:05:40    Writing relevant output files for antismash.modules.clusterblast
DEBUG    14/08 03:05:40    Writing relevant output files for antismash.modules.lanthipeptides
DEBUG    14/08 03:05:40    Writing relevant output files for antismash.modules.lassopeptides
DEBUG    14/08 03:05:40    Writing relevant output files for antismash.modules.nrps_pks
DEBUG    14/08 03:05:40    Writing relevant output files for antismash.modules.pfam2go
DEBUG    14/08 03:05:40    Writing relevant output files for antismash.modules.rrefinder
DEBUG    14/08 03:05:40    Writing relevant output files for antismash.modules.sactipeptides
DEBUG    14/08 03:05:40    Writing relevant output files for antismash.modules.t2pks
DEBUG    14/08 03:05:40    Writing relevant output files for antismash.modules.terpene
DEBUG    14/08 03:05:40    Writing relevant output files for antismash.modules.thiopeptides
DEBUG    14/08 03:05:40    Writing relevant output files for antismash.modules.tta
DEBUG    14/08 03:05:40    Writing relevant output files for antismash.detection.hmm_detection
DEBUG    14/08 03:05:40    Writing relevant output files for antismash.detection.cluster_hmmer
DEBUG    14/08 03:05:40    Writing relevant output files for antismash.detection.genefunctions
DEBUG    14/08 03:05:40    Writing relevant output files for antismash.detection.nrps_pks_domains
DEBUG    14/08 03:05:40    Writing relevant output files for antismash.detection.tigrfam
DEBUG    14/08 03:05:40    Writing relevant output files for antismash.modules.active_site_finder
DEBUG    14/08 03:05:40    Writing relevant output files for antismash.modules.cluster_compare
DEBUG    14/08 03:05:40    Writing relevant output files for antismash.modules.clusterblast
DEBUG    14/08 03:05:41    Writing relevant output files for antismash.modules.lanthipeptides
DEBUG    14/08 03:05:41    Writing relevant output files for antismash.modules.lassopeptides
DEBUG    14/08 03:05:41    Writing relevant output files for antismash.modules.nrps_pks
DEBUG    14/08 03:05:41    Writing relevant output files for antismash.modules.pfam2go
DEBUG    14/08 03:05:41    Writing relevant output files for antismash.modules.rrefinder
DEBUG    14/08 03:05:41    Writing relevant output files for antismash.modules.sactipeptides
DEBUG    14/08 03:05:41    Writing relevant output files for antismash.modules.t2pks
DEBUG    14/08 03:05:41    Writing relevant output files for antismash.modules.terpene
DEBUG    14/08 03:05:41    Writing relevant output files for antismash.modules.thiopeptides
DEBUG    14/08 03:05:41    Writing relevant output files for antismash.modules.tta
DEBUG    14/08 03:05:41    Writing relevant output files for antismash.detection.hmm_detection
DEBUG    14/08 03:05:41    Writing relevant output files for antismash.detection.cluster_hmmer
DEBUG    14/08 03:05:41    Writing relevant output files for antismash.detection.genefunctions
DEBUG    14/08 03:05:41    Writing relevant output files for antismash.detection.nrps_pks_domains
DEBUG    14/08 03:05:41    Writing relevant output files for antismash.detection.tigrfam
DEBUG    14/08 03:05:41    Writing relevant output files for antismash.modules.active_site_finder
DEBUG    14/08 03:05:41    Writing relevant output files for antismash.modules.cluster_compare
DEBUG    14/08 03:05:41    Writing relevant output files for antismash.modules.clusterblast
DEBUG    14/08 03:05:41    Writing relevant output files for antismash.modules.lanthipeptides
DEBUG    14/08 03:05:41    Writing relevant output files for antismash.modules.lassopeptides
DEBUG    14/08 03:05:41    Writing relevant output files for antismash.modules.nrps_pks
DEBUG    14/08 03:05:41    Writing relevant output files for antismash.modules.pfam2go
DEBUG    14/08 03:05:41    Writing relevant output files for antismash.modules.rrefinder
DEBUG    14/08 03:05:41    Writing relevant output files for antismash.modules.sactipeptides
DEBUG    14/08 03:05:41    Writing relevant output files for antismash.modules.t2pks
DEBUG    14/08 03:05:41    Writing relevant output files for antismash.modules.terpene
DEBUG    14/08 03:05:41    Writing relevant output files for antismash.modules.thiopeptides
DEBUG    14/08 03:05:41    Writing relevant output files for antismash.modules.tta
DEBUG    14/08 03:05:41    Writing relevant output files for antismash.detection.hmm_detection
DEBUG    14/08 03:05:41    Writing relevant output files for antismash.detection.cluster_hmmer
DEBUG    14/08 03:05:41    Writing relevant output files for antismash.detection.genefunctions
DEBUG    14/08 03:05:41    Writing relevant output files for antismash.detection.nrps_pks_domains
DEBUG    14/08 03:05:41    Writing relevant output files for antismash.detection.tigrfam
DEBUG    14/08 03:05:41    Writing relevant output files for antismash.modules.active_site_finder
DEBUG    14/08 03:05:41    Writing relevant output files for antismash.modules.cluster_compare
DEBUG    14/08 03:05:41    Writing relevant output files for antismash.modules.clusterblast
DEBUG    14/08 03:05:41    Writing relevant output files for antismash.modules.lanthipeptides
DEBUG    14/08 03:05:41    Writing relevant output files for antismash.modules.lassopeptides
DEBUG    14/08 03:05:41    Writing relevant output files for antismash.modules.nrps_pks
DEBUG    14/08 03:05:41    Writing relevant output files for antismash.modules.pfam2go
DEBUG    14/08 03:05:41    Writing relevant output files for antismash.modules.rrefinder
DEBUG    14/08 03:05:41    Writing relevant output files for antismash.modules.sactipeptides
DEBUG    14/08 03:05:41    Writing relevant output files for antismash.modules.t2pks
DEBUG    14/08 03:05:41    Writing relevant output files for antismash.modules.terpene
DEBUG    14/08 03:05:41    Writing relevant output files for antismash.modules.thiopeptides
DEBUG    14/08 03:05:41    Writing relevant output files for antismash.modules.tta
DEBUG    14/08 03:05:41    Writing relevant output files for antismash.detection.hmm_detection
DEBUG    14/08 03:05:41    Writing relevant output files for antismash.detection.cluster_hmmer
DEBUG    14/08 03:05:41    Writing relevant output files for antismash.detection.genefunctions
DEBUG    14/08 03:05:41    Writing relevant output files for antismash.detection.nrps_pks_domains
DEBUG    14/08 03:05:41    Writing relevant output files for antismash.detection.tigrfam
DEBUG    14/08 03:05:41    Writing relevant output files for antismash.modules.active_site_finder
DEBUG    14/08 03:05:41    Writing relevant output files for antismash.modules.cluster_compare
DEBUG    14/08 03:05:41    Writing relevant output files for antismash.modules.clusterblast
DEBUG    14/08 03:05:42    Writing relevant output files for antismash.modules.lanthipeptides
DEBUG    14/08 03:05:42    Writing relevant output files for antismash.modules.lassopeptides
DEBUG    14/08 03:05:42    Writing relevant output files for antismash.modules.nrps_pks
DEBUG    14/08 03:05:42    Writing relevant output files for antismash.modules.pfam2go
DEBUG    14/08 03:05:42    Writing relevant output files for antismash.modules.rrefinder
DEBUG    14/08 03:05:42    Writing relevant output files for antismash.modules.sactipeptides
DEBUG    14/08 03:05:42    Writing relevant output files for antismash.modules.t2pks
DEBUG    14/08 03:05:42    Writing relevant output files for antismash.modules.terpene
DEBUG    14/08 03:05:42    Writing relevant output files for antismash.modules.thiopeptides
DEBUG    14/08 03:05:42    Writing relevant output files for antismash.modules.tta
DEBUG    14/08 03:05:42    Writing relevant output files for antismash.detection.hmm_detection
DEBUG    14/08 03:05:42    Writing relevant output files for antismash.detection.cluster_hmmer
DEBUG    14/08 03:05:42    Writing relevant output files for antismash.detection.genefunctions
DEBUG    14/08 03:05:42    Writing relevant output files for antismash.detection.nrps_pks_domains
DEBUG    14/08 03:05:42    Writing relevant output files for antismash.detection.tigrfam
DEBUG    14/08 03:05:42    Writing relevant output files for antismash.modules.active_site_finder
DEBUG    14/08 03:05:42    Writing relevant output files for antismash.modules.cluster_compare
DEBUG    14/08 03:05:42    Writing relevant output files for antismash.modules.clusterblast
DEBUG    14/08 03:05:43    Writing relevant output files for antismash.modules.lanthipeptides
DEBUG    14/08 03:05:43    Writing relevant output files for antismash.modules.lassopeptides
DEBUG    14/08 03:05:43    Writing relevant output files for antismash.modules.nrps_pks
DEBUG    14/08 03:05:43    Writing relevant output files for antismash.modules.pfam2go
DEBUG    14/08 03:05:43    Writing relevant output files for antismash.modules.rrefinder
DEBUG    14/08 03:05:43    Writing relevant output files for antismash.modules.sactipeptides
DEBUG    14/08 03:05:43    Writing relevant output files for antismash.modules.t2pks
DEBUG    14/08 03:05:43    Writing relevant output files for antismash.modules.terpene
DEBUG    14/08 03:05:43    Writing relevant output files for antismash.modules.thiopeptides
DEBUG    14/08 03:05:43    Writing relevant output files for antismash.modules.tta
DEBUG    14/08 03:05:43    Writing relevant output files for antismash.detection.hmm_detection
DEBUG    14/08 03:05:43    Writing relevant output files for antismash.detection.hmm_detection
DEBUG    14/08 03:05:43    Writing relevant output files for antismash.detection.cluster_hmmer
DEBUG    14/08 03:05:43    Writing relevant output files for antismash.detection.genefunctions
DEBUG    14/08 03:05:43    Writing relevant output files for antismash.detection.nrps_pks_domains
DEBUG    14/08 03:05:43    Writing relevant output files for antismash.detection.tigrfam
DEBUG    14/08 03:05:43    Writing relevant output files for antismash.modules.active_site_finder
DEBUG    14/08 03:05:43    Writing relevant output files for antismash.modules.cluster_compare
DEBUG    14/08 03:05:43    Writing relevant output files for antismash.modules.clusterblast
DEBUG    14/08 03:05:43    Writing relevant output files for antismash.modules.lanthipeptides
DEBUG    14/08 03:05:43    Writing relevant output files for antismash.modules.lassopeptides
DEBUG    14/08 03:05:43    Writing relevant output files for antismash.modules.nrps_pks
DEBUG    14/08 03:05:43    Writing relevant output files for antismash.modules.pfam2go
DEBUG    14/08 03:05:43    Writing relevant output files for antismash.modules.rrefinder
DEBUG    14/08 03:05:43    Writing relevant output files for antismash.modules.sactipeptides
DEBUG    14/08 03:05:43    Writing relevant output files for antismash.modules.t2pks
DEBUG    14/08 03:05:43    Writing relevant output files for antismash.modules.terpene
DEBUG    14/08 03:05:43    Writing relevant output files for antismash.modules.thiopeptides
DEBUG    14/08 03:05:43    Writing relevant output files for antismash.modules.tta
DEBUG    14/08 03:05:43    Writing relevant output files for antismash.detection.hmm_detection
DEBUG    14/08 03:05:43    Writing relevant output files for antismash.detection.hmm_detection
DEBUG    14/08 03:05:43    Writing relevant output files for antismash.detection.cluster_hmmer
DEBUG    14/08 03:05:43    Writing relevant output files for antismash.detection.genefunctions
DEBUG    14/08 03:05:43    Writing relevant output files for antismash.detection.nrps_pks_domains
DEBUG    14/08 03:05:43    Writing relevant output files for antismash.detection.tigrfam
DEBUG    14/08 03:05:43    Writing relevant output files for antismash.modules.active_site_finder
DEBUG    14/08 03:05:43    Writing relevant output files for antismash.modules.cluster_compare
DEBUG    14/08 03:05:43    Writing relevant output files for antismash.modules.clusterblast
DEBUG    14/08 03:05:43    Writing relevant output files for antismash.modules.lanthipeptides
DEBUG    14/08 03:05:43    Writing relevant output files for antismash.modules.lassopeptides
DEBUG    14/08 03:05:43    Writing relevant output files for antismash.modules.nrps_pks
DEBUG    14/08 03:05:43    Writing relevant output files for antismash.modules.pfam2go
DEBUG    14/08 03:05:43    Writing relevant output files for antismash.modules.rrefinder
DEBUG    14/08 03:05:43    Writing relevant output files for antismash.modules.sactipeptides
DEBUG    14/08 03:05:43    Writing relevant output files for antismash.modules.t2pks
DEBUG    14/08 03:05:43    Writing relevant output files for antismash.modules.terpene
DEBUG    14/08 03:05:43    Writing relevant output files for antismash.modules.thiopeptides
DEBUG    14/08 03:05:43    Writing relevant output files for antismash.modules.tta
DEBUG    14/08 03:05:43    Writing relevant output files for antismash.detection.hmm_detection
DEBUG    14/08 03:05:43    Writing relevant output files for antismash.detection.cluster_hmmer
DEBUG    14/08 03:05:43    Writing relevant output files for antismash.detection.genefunctions
DEBUG    14/08 03:05:43    Writing relevant output files for antismash.detection.nrps_pks_domains
DEBUG    14/08 03:05:43    Writing relevant output files for antismash.detection.tigrfam
DEBUG    14/08 03:05:43    Writing relevant output files for antismash.modules.active_site_finder
DEBUG    14/08 03:05:43    Writing relevant output files for antismash.modules.cluster_compare
DEBUG    14/08 03:05:43    Writing relevant output files for antismash.modules.clusterblast
DEBUG    14/08 03:05:43    Writing relevant output files for antismash.modules.lanthipeptides
DEBUG    14/08 03:05:43    Writing relevant output files for antismash.modules.lassopeptides
DEBUG    14/08 03:05:43    Writing relevant output files for antismash.modules.nrps_pks
DEBUG    14/08 03:05:43    Writing relevant output files for antismash.modules.pfam2go
DEBUG    14/08 03:05:43    Writing relevant output files for antismash.modules.rrefinder
DEBUG    14/08 03:05:43    Writing relevant output files for antismash.modules.sactipeptides
DEBUG    14/08 03:05:43    Writing relevant output files for antismash.modules.t2pks
DEBUG    14/08 03:05:43    Writing relevant output files for antismash.modules.terpene
DEBUG    14/08 03:05:43    Writing relevant output files for antismash.modules.thiopeptides
DEBUG    14/08 03:05:43    Writing relevant output files for antismash.modules.tta
DEBUG    14/08 03:05:43    Writing relevant output files for antismash.detection.hmm_detection
DEBUG    14/08 03:05:43    Writing relevant output files for antismash.detection.cluster_hmmer
DEBUG    14/08 03:05:43    Writing relevant output files for antismash.detection.genefunctions
DEBUG    14/08 03:05:43    Writing relevant output files for antismash.detection.nrps_pks_domains
DEBUG    14/08 03:05:43    Writing relevant output files for antismash.detection.tigrfam
DEBUG    14/08 03:05:43    Writing relevant output files for antismash.modules.active_site_finder
DEBUG    14/08 03:05:43    Writing relevant output files for antismash.modules.cluster_compare
DEBUG    14/08 03:05:43    Writing relevant output files for antismash.modules.clusterblast
DEBUG    14/08 03:05:43    Writing relevant output files for antismash.modules.lanthipeptides
DEBUG    14/08 03:05:43    Writing relevant output files for antismash.modules.lassopeptides
DEBUG    14/08 03:05:43    Writing relevant output files for antismash.modules.nrps_pks
DEBUG    14/08 03:05:43    Writing relevant output files for antismash.modules.pfam2go
DEBUG    14/08 03:05:43    Writing relevant output files for antismash.modules.rrefinder
DEBUG    14/08 03:05:43    Writing relevant output files for antismash.modules.sactipeptides
DEBUG    14/08 03:05:43    Writing relevant output files for antismash.modules.t2pks
DEBUG    14/08 03:05:43    Writing relevant output files for antismash.modules.terpene
DEBUG    14/08 03:05:43    Writing relevant output files for antismash.modules.thiopeptides
DEBUG    14/08 03:05:43    Writing relevant output files for antismash.modules.tta
DEBUG    14/08 03:05:43    Writing relevant output files for antismash.detection.hmm_detection
DEBUG    14/08 03:05:43    Writing relevant output files for antismash.detection.cluster_hmmer
DEBUG    14/08 03:05:43    Writing relevant output files for antismash.detection.genefunctions
DEBUG    14/08 03:05:43    Writing relevant output files for antismash.detection.nrps_pks_domains
DEBUG    14/08 03:05:43    Writing relevant output files for antismash.detection.tigrfam
DEBUG    14/08 03:05:43    Writing relevant output files for antismash.modules.active_site_finder
DEBUG    14/08 03:05:43    Writing relevant output files for antismash.modules.cluster_compare
DEBUG    14/08 03:05:43    Writing relevant output files for antismash.modules.clusterblast
DEBUG    14/08 03:05:43    Writing relevant output files for antismash.modules.lanthipeptides
DEBUG    14/08 03:05:43    Writing relevant output files for antismash.modules.lassopeptides
DEBUG    14/08 03:05:43    Writing relevant output files for antismash.modules.nrps_pks
DEBUG    14/08 03:05:43    Writing relevant output files for antismash.modules.pfam2go
DEBUG    14/08 03:05:43    Writing relevant output files for antismash.modules.rrefinder
DEBUG    14/08 03:05:43    Writing relevant output files for antismash.modules.sactipeptides
DEBUG    14/08 03:05:43    Writing relevant output files for antismash.modules.t2pks
DEBUG    14/08 03:05:43    Writing relevant output files for antismash.modules.terpene
DEBUG    14/08 03:05:43    Writing relevant output files for antismash.modules.thiopeptides
DEBUG    14/08 03:05:43    Writing relevant output files for antismash.modules.tta
DEBUG    14/08 03:05:43    Writing relevant output files for antismash.detection.hmm_detection
DEBUG    14/08 03:05:43    Writing relevant output files for antismash.detection.cluster_hmmer
DEBUG    14/08 03:05:43    Writing relevant output files for antismash.detection.genefunctions
DEBUG    14/08 03:05:43    Writing relevant output files for antismash.detection.nrps_pks_domains
DEBUG    14/08 03:05:43    Writing relevant output files for antismash.detection.tigrfam
DEBUG    14/08 03:05:43    Writing relevant output files for antismash.modules.active_site_finder
DEBUG    14/08 03:05:43    Writing relevant output files for antismash.modules.cluster_compare
DEBUG    14/08 03:05:43    Writing relevant output files for antismash.modules.clusterblast
DEBUG    14/08 03:05:43    Writing relevant output files for antismash.modules.lanthipeptides
DEBUG    14/08 03:05:43    Writing relevant output files for antismash.modules.lassopeptides
DEBUG    14/08 03:05:43    Writing relevant output files for antismash.modules.nrps_pks
DEBUG    14/08 03:05:43    Writing relevant output files for antismash.modules.pfam2go
DEBUG    14/08 03:05:43    Writing relevant output files for antismash.modules.rrefinder
DEBUG    14/08 03:05:43    Writing relevant output files for antismash.modules.sactipeptides
DEBUG    14/08 03:05:43    Writing relevant output files for antismash.modules.t2pks
DEBUG    14/08 03:05:43    Writing relevant output files for antismash.modules.terpene
DEBUG    14/08 03:05:43    Writing relevant output files for antismash.modules.thiopeptides
DEBUG    14/08 03:05:43    Writing relevant output files for antismash.modules.tta
DEBUG    14/08 03:05:43    Writing relevant output files for antismash.detection.hmm_detection
DEBUG    14/08 03:05:43    Writing relevant output files for antismash.detection.cluster_hmmer
DEBUG    14/08 03:05:43    Writing relevant output files for antismash.detection.genefunctions
DEBUG    14/08 03:05:43    Writing relevant output files for antismash.detection.nrps_pks_domains
DEBUG    14/08 03:05:43    Writing relevant output files for antismash.detection.tigrfam
DEBUG    14/08 03:05:43    Writing relevant output files for antismash.modules.active_site_finder
DEBUG    14/08 03:05:43    Writing relevant output files for antismash.modules.cluster_compare
DEBUG    14/08 03:05:43    Writing relevant output files for antismash.modules.clusterblast
DEBUG    14/08 03:05:44    Writing relevant output files for antismash.modules.lanthipeptides
DEBUG    14/08 03:05:44    Writing relevant output files for antismash.modules.lassopeptides
DEBUG    14/08 03:05:44    Writing relevant output files for antismash.modules.nrps_pks
DEBUG    14/08 03:05:44    Writing relevant output files for antismash.modules.pfam2go
DEBUG    14/08 03:05:44    Writing relevant output files for antismash.modules.rrefinder
DEBUG    14/08 03:05:44    Writing relevant output files for antismash.modules.sactipeptides
DEBUG    14/08 03:05:44    Writing relevant output files for antismash.modules.t2pks
DEBUG    14/08 03:05:44    Writing relevant output files for antismash.modules.terpene
DEBUG    14/08 03:05:44    Writing relevant output files for antismash.modules.thiopeptides
DEBUG    14/08 03:05:44    Writing relevant output files for antismash.modules.tta
DEBUG    14/08 03:05:44    Writing relevant output files for antismash.detection.hmm_detection
DEBUG    14/08 03:05:44    Writing relevant output files for antismash.detection.hmm_detection
DEBUG    14/08 03:05:44    Writing relevant output files for antismash.detection.cluster_hmmer
DEBUG    14/08 03:05:44    Writing relevant output files for antismash.detection.genefunctions
DEBUG    14/08 03:05:44    Writing relevant output files for antismash.detection.nrps_pks_domains
DEBUG    14/08 03:05:44    Writing relevant output files for antismash.detection.tigrfam
DEBUG    14/08 03:05:44    Writing relevant output files for antismash.modules.active_site_finder
DEBUG    14/08 03:05:44    Writing relevant output files for antismash.modules.cluster_compare
DEBUG    14/08 03:05:44    Writing relevant output files for antismash.modules.clusterblast
DEBUG    14/08 03:05:44    Writing relevant output files for antismash.modules.lanthipeptides
DEBUG    14/08 03:05:44    Writing relevant output files for antismash.modules.lassopeptides
DEBUG    14/08 03:05:44    Writing relevant output files for antismash.modules.nrps_pks
DEBUG    14/08 03:05:44    Writing relevant output files for antismash.modules.pfam2go
DEBUG    14/08 03:05:44    Writing relevant output files for antismash.modules.rrefinder
DEBUG    14/08 03:05:44    Writing relevant output files for antismash.modules.sactipeptides
DEBUG    14/08 03:05:44    Writing relevant output files for antismash.modules.t2pks
DEBUG    14/08 03:05:44    Writing relevant output files for antismash.modules.terpene
DEBUG    14/08 03:05:44    Writing relevant output files for antismash.modules.thiopeptides
DEBUG    14/08 03:05:44    Writing relevant output files for antismash.modules.tta
DEBUG    14/08 03:05:44    Writing relevant output files for antismash.detection.hmm_detection
DEBUG    14/08 03:05:44    Writing relevant output files for antismash.detection.hmm_detection
DEBUG    14/08 03:05:44    Writing relevant output files for antismash.detection.cluster_hmmer
DEBUG    14/08 03:05:44    Writing relevant output files for antismash.detection.genefunctions
DEBUG    14/08 03:05:44    Writing relevant output files for antismash.detection.nrps_pks_domains
DEBUG    14/08 03:05:44    Writing relevant output files for antismash.detection.tigrfam
DEBUG    14/08 03:05:44    Writing relevant output files for antismash.modules.active_site_finder
DEBUG    14/08 03:05:44    Writing relevant output files for antismash.modules.cluster_compare
DEBUG    14/08 03:05:44    Writing relevant output files for antismash.modules.clusterblast
DEBUG    14/08 03:05:44    Writing relevant output files for antismash.modules.lanthipeptides
DEBUG    14/08 03:05:44    Writing relevant output files for antismash.modules.lassopeptides
DEBUG    14/08 03:05:44    Writing relevant output files for antismash.modules.nrps_pks
DEBUG    14/08 03:05:44    Writing relevant output files for antismash.modules.pfam2go
DEBUG    14/08 03:05:44    Writing relevant output files for antismash.modules.rrefinder
DEBUG    14/08 03:05:44    Writing relevant output files for antismash.modules.sactipeptides
DEBUG    14/08 03:05:44    Writing relevant output files for antismash.modules.t2pks
DEBUG    14/08 03:05:44    Writing relevant output files for antismash.modules.terpene
DEBUG    14/08 03:05:44    Writing relevant output files for antismash.modules.thiopeptides
DEBUG    14/08 03:05:44    Writing relevant output files for antismash.modules.tta
DEBUG    14/08 03:05:44    Writing relevant output files for antismash.detection.hmm_detection
DEBUG    14/08 03:05:44    Writing relevant output files for antismash.detection.hmm_detection
DEBUG    14/08 03:05:44    Writing relevant output files for antismash.detection.hmm_detection
DEBUG    14/08 03:05:44    Writing relevant output files for antismash.detection.hmm_detection
DEBUG    14/08 03:05:44    Writing relevant output files for antismash.detection.cluster_hmmer
DEBUG    14/08 03:05:44    Writing relevant output files for antismash.detection.genefunctions
DEBUG    14/08 03:05:44    Writing relevant output files for antismash.detection.nrps_pks_domains
DEBUG    14/08 03:05:44    Writing relevant output files for antismash.detection.tigrfam
DEBUG    14/08 03:05:44    Writing relevant output files for antismash.modules.active_site_finder
DEBUG    14/08 03:05:44    Writing relevant output files for antismash.modules.cluster_compare
DEBUG    14/08 03:05:44    Writing relevant output files for antismash.modules.clusterblast
DEBUG    14/08 03:05:45    Writing relevant output files for antismash.modules.lanthipeptides
DEBUG    14/08 03:05:45    Writing relevant output files for antismash.modules.lassopeptides
DEBUG    14/08 03:05:45    Writing relevant output files for antismash.modules.nrps_pks
DEBUG    14/08 03:05:45    Writing relevant output files for antismash.modules.pfam2go
DEBUG    14/08 03:05:45    Writing relevant output files for antismash.modules.rrefinder
DEBUG    14/08 03:05:45    Writing relevant output files for antismash.modules.sactipeptides
DEBUG    14/08 03:05:45    Writing relevant output files for antismash.modules.t2pks
DEBUG    14/08 03:05:45    Writing relevant output files for antismash.modules.terpene
DEBUG    14/08 03:05:45    Writing relevant output files for antismash.modules.thiopeptides
DEBUG    14/08 03:05:45    Writing relevant output files for antismash.modules.tta
DEBUG    14/08 03:05:45    Writing relevant output files for antismash.detection.hmm_detection
DEBUG    14/08 03:05:45    Writing relevant output files for antismash.detection.hmm_detection
DEBUG    14/08 03:05:45    Writing relevant output files for antismash.detection.cluster_hmmer
DEBUG    14/08 03:05:45    Writing relevant output files for antismash.detection.genefunctions
DEBUG    14/08 03:05:45    Writing relevant output files for antismash.detection.nrps_pks_domains
DEBUG    14/08 03:05:45    Writing relevant output files for antismash.detection.tigrfam
DEBUG    14/08 03:05:45    Writing relevant output files for antismash.modules.active_site_finder
DEBUG    14/08 03:05:45    Writing relevant output files for antismash.modules.cluster_compare
DEBUG    14/08 03:05:45    Writing relevant output files for antismash.modules.clusterblast
DEBUG    14/08 03:05:45    Writing relevant output files for antismash.modules.lanthipeptides
DEBUG    14/08 03:05:45    Writing relevant output files for antismash.modules.lassopeptides
DEBUG    14/08 03:05:45    Writing relevant output files for antismash.modules.nrps_pks
DEBUG    14/08 03:05:45    Writing relevant output files for antismash.modules.pfam2go
DEBUG    14/08 03:05:45    Writing relevant output files for antismash.modules.rrefinder
DEBUG    14/08 03:05:45    Writing relevant output files for antismash.modules.sactipeptides
DEBUG    14/08 03:05:45    Writing relevant output files for antismash.modules.t2pks
DEBUG    14/08 03:05:45    Writing relevant output files for antismash.modules.terpene
DEBUG    14/08 03:05:45    Writing relevant output files for antismash.modules.thiopeptides
DEBUG    14/08 03:05:45    Writing relevant output files for antismash.modules.tta
DEBUG    14/08 03:05:45    Writing relevant output files for antismash.detection.hmm_detection
DEBUG    14/08 03:05:45    Writing relevant output files for antismash.detection.hmm_detection
DEBUG    14/08 03:05:45    Writing relevant output files for antismash.detection.hmm_detection
DEBUG    14/08 03:05:45    Writing relevant output files for antismash.detection.hmm_detection
DEBUG    14/08 03:05:45    Writing relevant output files for antismash.detection.hmm_detection
DEBUG    14/08 03:05:45    Writing relevant output files for antismash.detection.cluster_hmmer
DEBUG    14/08 03:05:45    Writing relevant output files for antismash.detection.genefunctions
DEBUG    14/08 03:05:45    Writing relevant output files for antismash.detection.nrps_pks_domains
DEBUG    14/08 03:05:45    Writing relevant output files for antismash.detection.tigrfam
DEBUG    14/08 03:05:45    Writing relevant output files for antismash.modules.active_site_finder
DEBUG    14/08 03:05:45    Writing relevant output files for antismash.modules.cluster_compare
DEBUG    14/08 03:05:45    Writing relevant output files for antismash.modules.clusterblast
DEBUG    14/08 03:05:45    Writing relevant output files for antismash.modules.lanthipeptides
DEBUG    14/08 03:05:45    Writing relevant output files for antismash.modules.lassopeptides
DEBUG    14/08 03:05:45    Writing relevant output files for antismash.modules.nrps_pks
DEBUG    14/08 03:05:45    Writing relevant output files for antismash.modules.pfam2go
DEBUG    14/08 03:05:45    Writing relevant output files for antismash.modules.rrefinder
DEBUG    14/08 03:05:45    Writing relevant output files for antismash.modules.sactipeptides
DEBUG    14/08 03:05:45    Writing relevant output files for antismash.modules.t2pks
DEBUG    14/08 03:05:45    Writing relevant output files for antismash.modules.terpene
DEBUG    14/08 03:05:45    Writing relevant output files for antismash.modules.thiopeptides
DEBUG    14/08 03:05:45    Writing relevant output files for antismash.modules.tta
DEBUG    14/08 03:05:45    Writing relevant output files for antismash.detection.hmm_detection
DEBUG    14/08 03:05:45    Writing relevant output files for antismash.detection.hmm_detection
DEBUG    14/08 03:05:45    Writing relevant output files for antismash.detection.hmm_detection
DEBUG    14/08 03:05:45    Writing relevant output files for antismash.detection.hmm_detection
DEBUG    14/08 03:05:45    Writing relevant output files for antismash.detection.hmm_detection
DEBUG    14/08 03:05:45    Writing relevant output files for antismash.detection.cluster_hmmer
DEBUG    14/08 03:05:45    Writing relevant output files for antismash.detection.genefunctions
DEBUG    14/08 03:05:45    Writing relevant output files for antismash.detection.nrps_pks_domains
DEBUG    14/08 03:05:45    Writing relevant output files for antismash.detection.tigrfam
DEBUG    14/08 03:05:45    Writing relevant output files for antismash.modules.active_site_finder
DEBUG    14/08 03:05:45    Writing relevant output files for antismash.modules.cluster_compare
DEBUG    14/08 03:05:45    Writing relevant output files for antismash.modules.clusterblast
DEBUG    14/08 03:05:45    Writing relevant output files for antismash.modules.lanthipeptides
DEBUG    14/08 03:05:45    Writing relevant output files for antismash.modules.lassopeptides
DEBUG    14/08 03:05:45    Writing relevant output files for antismash.modules.nrps_pks
DEBUG    14/08 03:05:45    Writing relevant output files for antismash.modules.pfam2go
DEBUG    14/08 03:05:45    Writing relevant output files for antismash.modules.rrefinder
DEBUG    14/08 03:05:45    Writing relevant output files for antismash.modules.sactipeptides
DEBUG    14/08 03:05:45    Writing relevant output files for antismash.modules.t2pks
DEBUG    14/08 03:05:45    Writing relevant output files for antismash.modules.terpene
DEBUG    14/08 03:05:45    Writing relevant output files for antismash.modules.thiopeptides
DEBUG    14/08 03:05:45    Writing relevant output files for antismash.modules.tta
DEBUG    14/08 03:05:45    Writing relevant output files for antismash.detection.hmm_detection
DEBUG    14/08 03:05:45    Writing relevant output files for antismash.detection.cluster_hmmer
DEBUG    14/08 03:05:45    Writing relevant output files for antismash.detection.genefunctions
DEBUG    14/08 03:05:45    Writing relevant output files for antismash.detection.nrps_pks_domains
DEBUG    14/08 03:05:45    Writing relevant output files for antismash.detection.tigrfam
DEBUG    14/08 03:05:45    Writing relevant output files for antismash.modules.active_site_finder
DEBUG    14/08 03:05:45    Writing relevant output files for antismash.modules.cluster_compare
DEBUG    14/08 03:05:45    Writing relevant output files for antismash.modules.clusterblast
DEBUG    14/08 03:05:45    Writing relevant output files for antismash.modules.lanthipeptides
DEBUG    14/08 03:05:45    Writing relevant output files for antismash.modules.lassopeptides
DEBUG    14/08 03:05:45    Writing relevant output files for antismash.modules.nrps_pks
DEBUG    14/08 03:05:45    Writing relevant output files for antismash.modules.pfam2go
DEBUG    14/08 03:05:45    Writing relevant output files for antismash.modules.rrefinder
DEBUG    14/08 03:05:45    Writing relevant output files for antismash.modules.sactipeptides
DEBUG    14/08 03:05:45    Writing relevant output files for antismash.modules.t2pks
DEBUG    14/08 03:05:45    Writing relevant output files for antismash.modules.terpene
DEBUG    14/08 03:05:45    Writing relevant output files for antismash.modules.thiopeptides
DEBUG    14/08 03:05:45    Writing relevant output files for antismash.modules.tta
DEBUG    14/08 03:05:45    Writing relevant output files for antismash.detection.hmm_detection
DEBUG    14/08 03:05:45    Writing relevant output files for antismash.detection.hmm_detection
DEBUG    14/08 03:05:45    Writing relevant output files for antismash.detection.hmm_detection
DEBUG    14/08 03:05:45    Writing relevant output files for antismash.detection.hmm_detection
DEBUG    14/08 03:05:45    Writing relevant output files for antismash.detection.hmm_detection
DEBUG    14/08 03:05:45    Writing relevant output files for antismash.detection.hmm_detection
DEBUG    14/08 03:05:45    Writing relevant output files for antismash.detection.hmm_detection
DEBUG    14/08 03:05:45    Writing relevant output files for antismash.detection.hmm_detection
DEBUG    14/08 03:05:45    Writing relevant output files for antismash.detection.hmm_detection
DEBUG    14/08 03:05:45    Writing relevant output files for antismash.detection.hmm_detection
DEBUG    14/08 03:05:45    Writing relevant output files for antismash.detection.hmm_detection
DEBUG    14/08 03:05:45    Writing relevant output files for antismash.detection.hmm_detection
DEBUG    14/08 03:05:45    Writing relevant output files for antismash.detection.hmm_detection
DEBUG    14/08 03:05:45    Writing relevant output files for antismash.detection.hmm_detection
DEBUG    14/08 03:05:45    Writing relevant output files for antismash.detection.hmm_detection
DEBUG    14/08 03:05:45    Writing relevant output files for antismash.detection.hmm_detection
DEBUG    14/08 03:05:45    Writing relevant output files for antismash.detection.hmm_detection
DEBUG    14/08 03:05:45   Creating results page
DEBUG    14/08 03:05:45   Results page using antismash.js from local copy: /databases/as-js/0.16/antismash.js
DEBUG    14/08 03:06:53   Writing cluster-specific genbank files
DEBUG    14/08 03:06:58   Writing final genbank file to '/data/antismash/upload/fungi-d77518c9-b65b-4f80-9a36-0eb9a027dc84/Funannotate-annotated-genome-AF.gbk'
DEBUG    14/08 03:07:03   Zipping output to '/data/antismash/upload/fungi-d77518c9-b65b-4f80-9a36-0eb9a027dc84/Funannotate-annotated-genome-AF.zip'
